L_yy_mm_dd_hh_mm_N<x>_<seed>,PI,N turbines,AEP,efficiency,LCoE,capacity factor,installed MW
L_26_06_07_13_06_N14_16728336303228454054,2.125689,14,203.536702,94.174409,39.473666,0.492471,47.180000
