L_yy_mm_dd_hh_mm_N<x>_<seed>,PI,N turbines,AEP,efficiency,LCoE,capacity factor,installed MW
L_26_06_07_13_06_N14_16728336303228454054,2.125689,14,203.536702,94.174409,39.473666,0.492471,47.180000
L_26_06_07_16_26_N14_17058331987426355447,2.114920,14,202.629656,93.754727,39.600890,0.490276,47.180000
L_26_06_07_18_27_N14_12689767152099333724,2.099784,14,201.266819,93.124156,39.782799,0.486979,47.180000
