{
  "site_id": "waidmannsheil",
  "timestamp": "2026-06-24T11:32:01Z",
  "layout_id": "L_26_06_24_10_01_N17_5982961543882514552",
  "N turbines": 17,
  "seed": 5982961543882514552,
  "PI": 1.8258789507700837,
  "AEP": 251.4336568977412,
  "efficiency": 98.25345446079258,
  "LCoE": 38.63595422562458,
  "capacity factor": 0.5010031811590259,
  "installed MW": 57.29,
  "initial_coordinates_m": [
    [
      665563.4148018368,
      5593221.669371481
    ],
    [
      667317.9126681165,
      5592662.063502057
    ],
    [
      666576.361767556,
      5593379.1051563695
    ],
    [
      665892.8362323279,
      5594297.151398718
    ],
    [
      665490.183949514,
      5592122.774529679
    ],
    [
      663717.8651690679,
      5594906.977504896
    ],
    [
      666532.9207842619,
      5591500.514084872
    ],
    [
      666006.6657324095,
      5591794.52143014
    ],
    [
      665067.9953566696,
      5592419.620254997
    ],
    [
      668257.876091704,
      5591978.317382212
    ],
    [
      664207.3235985767,
      5594647.795669378
    ],
    [
      667839.6750119608,
      5593593.217925349
    ],
    [
      666258.1422907532,
      5594098.515148584
    ],
    [
      665042.0367152861,
      5594617.485478502
    ],
    [
      665492.5197165766,
      5594479.8027737
    ],
    [
      668072.3821533875,
      5592841.6627755845
    ],
    [
      667522.1717738695,
      5591340.061098865
    ]
  ],
  "final_coordinates_m": [
    [
      665564.7388740159,
      5593221.67737042
    ],
    [
      667318.5633874785,
      5592661.875364293
    ],
    [
      666577.285919187,
      5593378.97789
    ],
    [
      665892.5538875556,
      5594297.34299921
    ],
    [
      665491.5392137909,
      5592122.140421678
    ],
    [
      663717.7642222962,
      5594904.274315429
    ],
    [
      666534.1671987827,
      5591500.728345053
    ],
    [
      666007.86617401,
      5591794.131263548
    ],
    [
      665070.110435168,
      5592419.735995786
    ],
    [
      668257.9558239317,
      5591978.484387775
    ],
    [
      664207.7238912733,
      5594646.508363313
    ],
    [
      667839.8273741497,
      5593593.102218756
    ],
    [
      666257.8721204291,
      5594098.972018622
    ],
    [
      665042.0609363137,
      5594617.623574227
    ],
    [
      665492.420197994,
      5594480.072898874
    ],
    [
      668072.5249387476,
      5592841.953906609
    ],
    [
      667522.8161720474,
      5591340.008664629
    ]
  ]
}