{
  "site_id": "waidmannsheil",
  "timestamp": "2026-06-24T10:02:01Z",
  "layout_id": "L_26_06_24_09_41_N17_5600709196138945841",
  "N turbines": 17,
  "seed": 5600709196138945841,
  "PI": 1.7479151191930575,
  "AEP": 251.46269709256154,
  "efficiency": 98.26480258138439,
  "LCoE": 39.62117193239946,
  "capacity factor": 0.5010610462442575,
  "installed MW": 57.29,
  "initial_coordinates_m": [
    [
      665563.4148018368,
      5593221.669371481
    ],
    [
      667317.9126681165,
      5592662.063502057
    ],
    [
      666576.361767556,
      5593379.1051563695
    ],
    [
      665892.8362323279,
      5594297.151398718
    ],
    [
      665490.183949514,
      5592122.774529679
    ],
    [
      663717.8651690679,
      5594906.977504896
    ],
    [
      666532.9207842619,
      5591500.514084872
    ],
    [
      666006.6657324095,
      5591794.52143014
    ],
    [
      665067.9953566696,
      5592419.620254997
    ],
    [
      668257.876091704,
      5591978.317382212
    ],
    [
      664207.3235985767,
      5594647.795669378
    ],
    [
      667839.6750119608,
      5593593.217925349
    ],
    [
      666258.1422907532,
      5594098.515148584
    ],
    [
      665042.0367152861,
      5594617.485478502
    ],
    [
      665492.5197165766,
      5594479.8027737
    ],
    [
      668072.3821533875,
      5592841.6627755845
    ],
    [
      667522.1717738695,
      5591340.061098865
    ]
  ],
  "final_coordinates_m": [
    [
      665568.1518734007,
      5593221.928501727
    ],
    [
      667316.1699308205,
      5592665.393436701
    ],
    [
      666580.9087549556,
      5593380.485291402
    ],
    [
      665886.3218449134,
      5594299.900769946
    ],
    [
      665487.0824864273,
      5592119.009256977
    ],
    [
      663716.9591477776,
      5594907.382062407
    ],
    [
      666533.0974480709,
      5591497.768990766
    ],
    [
      666004.6710389744,
      5591792.411491765
    ],
    [
      665067.8249585078,
      5592418.478452337
    ],
    [
      668267.1631727724,
      5591976.347449035
    ],
    [
      664208.0361504717,
      5594652.11052521
    ],
    [
      667843.9228625242,
      5593601.007730005
    ],
    [
      666261.815471583,
      5594099.950717119
    ],
    [
      665036.9162872728,
      5594625.75864767
    ],
    [
      665490.3490152964,
      5594479.952931845
    ],
    [
      668078.4711596628,
      5592837.073947386
    ],
    [
      667522.3435183408,
      5591335.966230789
    ]
  ]
}