{
  "site_id": "waidmannsheil",
  "timestamp": "2026-06-08T02:02:55Z",
  "layout_id": "L_26_06_08_02_02_N15_564946015330038660",
  "N turbines": 15,
  "seed": 564946015330038660,
  "PI": 2.2362922739224635,
  "AEP": 222.53293290066446,
  "efficiency": 98.55447998898723,
  "LCoE": 38.90564045400441,
  "capacity factor": 0.5025381373400911,
  "installed MW": 50.550000000000004,
  "initial_coordinates_m": [
    [
      666259.5962908659,
      5592181.5873261755
    ],
    [
      666765.4806391216,
      5592206.349282669
    ],
    [
      668163.6789898844,
      5592951.368425616
    ],
    [
      667361.3650239165,
      5593581.658519469
    ],
    [
      664156.7895450619,
      5592707.758374164
    ],
    [
      664312.9543888094,
      5593882.084060679
    ],
    [
      666078.968474565,
      5591674.683711614
    ],
    [
      665542.1965685718,
      5594591.695144437
    ],
    [
      666004.471780175,
      5594294.331515954
    ],
    [
      664025.9071666754,
      5595128.390474696
    ],
    [
      667207.8441807237,
      5591521.468470372
    ],
    [
      664568.1518162108,
      5594885.113322633
    ],
    [
      667686.4731649931,
      5591416.418577507
    ],
    [
      666567.897545979,
      5593736.90520186
    ],
    [
      663933.4842088338,
      5594284.843055032
    ]
  ],
  "final_coordinates_m": [
    [
      665938.6410974053,
      5591920.251079781
    ],
    [
      667384.4839987651,
      5592928.979007843
    ],
    [
      668228.7026600625,
      5592994.394090825
    ],
    [
      667337.3078396322,
      5593625.658546362
    ],
    [
      664177.0994640653,
      5592721.631368949
    ],
    [
      665095.939632163,
      5593834.988972933
    ],
    [
      666468.1285050715,
      5591655.456363151
    ],
    [
      665569.1934713566,
      5594593.605319679
    ],
    [
      666050.139592264,
      5594277.760922187
    ],
    [
      664002.711385743,
      5595162.714699525
    ],
    [
      667211.5025527336,
      5591555.41655699
    ],
    [
      664674.4078664703,
      5594902.025743803
    ],
    [
      667708.8841124864,
      5591373.607184995
    ],
    [
      666564.2013706168,
      5593800.157185978
    ],
    [
      663900.9082996184,
      5594248.567366839
    ]
  ]
}