{
  "site_id": "waidmannsheil",
  "timestamp": "2026-06-18T14:40:05Z",
  "layout_id": "L_26_06_18_14_39_N17_11057970192623874460",
  "N turbines": 17,
  "seed": 11057970192623874460,
  "PI": 1.8261732038450922,
  "AEP": 251.43524952619148,
  "efficiency": 98.2540768168003,
  "LCoE": 38.63241743931237,
  "capacity factor": 0.501006354608157,
  "installed MW": 57.29,
  "initial_coordinates_m": [
    [
      665462.4649425299,
      5593307.759634275
    ],
    [
      666354.2303744128,
      5592672.476163963
    ],
    [
      665919.7511053861,
      5593009.569240467
    ],
    [
      665917.7941292921,
      5594274.519663619
    ],
    [
      665264.0484371143,
      5592228.098236312
    ],
    [
      663923.5543586988,
      5595013.152904711
    ],
    [
      666165.349112913,
      5591664.560055995
    ],
    [
      665941.280718917,
      5591820.079627207
    ],
    [
      665141.9212294822,
      5592473.190373774
    ],
    [
      668227.3152673347,
      5592191.3793393755
    ],
    [
      663795.5596754116,
      5594581.5499376645
    ],
    [
      666984.3080131818,
      5593523.490493392
    ],
    [
      666157.77565617,
      5594173.266019172
    ],
    [
      665260.3112445269,
      5594697.82093162
    ],
    [
      665677.7649505831,
      5594407.05623737
    ],
    [
      668120.4015839922,
      5592972.856056395
    ],
    [
      667651.571355539,
      5591454.233625236
    ]
  ],
  "final_coordinates_m": [
    [
      665563.4148018368,
      5593221.669371481
    ],
    [
      667317.9126681165,
      5592662.063502057
    ],
    [
      666576.361767556,
      5593379.1051563695
    ],
    [
      665892.8362323279,
      5594297.151398718
    ],
    [
      665490.183949514,
      5592122.774529679
    ],
    [
      663717.8651690679,
      5594906.977504896
    ],
    [
      666532.9207842619,
      5591500.514084872
    ],
    [
      666006.6657324095,
      5591794.52143014
    ],
    [
      665067.9953566696,
      5592419.620254997
    ],
    [
      668257.876091704,
      5591978.317382212
    ],
    [
      664207.3235985767,
      5594647.795669378
    ],
    [
      667839.6750119608,
      5593593.217925349
    ],
    [
      666258.1422907532,
      5594098.515148584
    ],
    [
      665042.0367152861,
      5594617.485478502
    ],
    [
      665492.5197165766,
      5594479.8027737
    ],
    [
      668072.3821533875,
      5592841.6627755845
    ],
    [
      667522.1717738695,
      5591340.061098865
    ]
  ]
}