{
  "site_id": "waidmannsheil",
  "timestamp": "2026-06-30T23:09:43Z",
  "layout_id": "L_26_06_30_23_09_N17_8338646694609356382",
  "N turbines": 17,
  "seed": 8338646694609356382,
  "PI": 1.7754333344154876,
  "IRR": "17.5588",
  "AEP": 251.28830315686434,
  "efficiency": 98.19665416072075,
  "LCoE": 39.261153714549415,
  "capacity factor": 0.5007135513319328,
  "installed MW": 57.29,
  "initial_coordinates_m": [
    [
      666968.1826730034,
      5591970.9095783755
    ],
    [
      665404.8072635119,
      5594686.082779835
    ],
    [
      663708.7444606015,
      5594713.312053022
    ],
    [
      665233.7171017742,
      5592289.201368211
    ],
    [
      664628.1945928156,
      5594869.501927766
    ],
    [
      666484.1433328057,
      5591833.507024288
    ],
    [
      666113.6750603531,
      5591708.947887528
    ],
    [
      665310.5119747941,
      5593350.2785967495
    ],
    [
      668171.7313331615,
      5593078.065994372
    ],
    [
      666402.2058912279,
      5593819.8694841545
    ],
    [
      664964.4315740607,
      5592935.75560564
    ],
    [
      667760.1451479422,
      5591498.278068107
    ],
    [
      665586.9796791658,
      5594481.009229159
    ],
    [
      667668.5873365712,
      5593638.202026708
    ],
    [
      664200.8016990407,
      5594056.226411671
    ],
    [
      664780.7335404744,
      5593497.7612442225
    ],
    [
      666229.3158921688,
      5592768.883596085
    ]
  ],
  "final_coordinates_m": [
    [
      667279.0430104395,
      5591832.099548563
    ],
    [
      665253.4480930086,
      5594780.032093743
    ],
    [
      663592.2901070933,
      5594775.493199838
    ],
    [
      665174.7410258973,
      5592196.921380635
    ],
    [
      664602.3311193861,
      5594985.986344141
    ],
    [
      666544.8162444097,
      5591859.164105854
    ],
    [
      666124.4859851586,
      5592010.015589083
    ],
    [
      665738.5125363588,
      5593750.73228986
    ],
    [
      668276.3919040208,
      5593104.287567216
    ],
    [
      666448.2791700708,
      5593815.226098076
    ],
    [
      664910.0143359506,
      5592831.500264957
    ],
    [
      667815.1947867232,
      5591454.9568484705
    ],
    [
      665680.0939723866,
      5594526.692911957
    ],
    [
      667625.6551326853,
      5593600.937848633
    ],
    [
      664121.8316400954,
      5594002.451300541
    ],
    [
      664746.9422001393,
      5593542.815474381
    ],
    [
      666157.7838494579,
      5592766.544608691
    ]
  ]
}