{
  "site_id": "waidmannsheil",
  "timestamp": "2026-06-30T22:35:35Z",
  "layout_id": "L_26_06_30_22_35_N17_5789083418458537010",
  "N turbines": 17,
  "seed": 5789083418458537010,
  "PI": 1.7723481531601042,
  "IRR": "17.4993",
  "AEP": 251.3209725928881,
  "efficiency": 98.20942049035308,
  "LCoE": 39.301166631454585,
  "capacity factor": 0.5007786479923263,
  "installed MW": 57.29,
  "initial_coordinates_m": [
    [
      664095.5739648442,
      5595102.055713088
    ],
    [
      666001.7784986701,
      5591788.838153415
    ],
    [
      667887.2617849769,
      5593495.442929692
    ],
    [
      664170.7535460697,
      5594085.038894093
    ],
    [
      666443.6230865737,
      5591548.668314941
    ],
    [
      665575.6332703583,
      5592653.444122383
    ],
    [
      664913.6794503294,
      5594736.697884309
    ],
    [
      667488.349361337,
      5591451.188993102
    ],
    [
      665184.9725908474,
      5594693.824520334
    ],
    [
      668151.881478532,
      5593041.47806496
    ],
    [
      664410.7548065751,
      5594808.115653398
    ],
    [
      666910.015960674,
      5593536.40129019
    ],
    [
      665848.5643730132,
      5594304.69302562
    ],
    [
      666108.6350975484,
      5594217.643660297
    ],
    [
      666801.0201178052,
      5592238.990023767
    ],
    [
      663694.9126032812,
      5594747.493002454
    ],
    [
      668142.0044854841,
      5591822.522193508
    ]
  ],
  "final_coordinates_m": [
    [
      664117.5112812404,
      5595152.820655581
    ],
    [
      665908.466522728,
      5592478.407541544
    ],
    [
      667881.1770234422,
      5593666.775334918
    ],
    [
      664269.5173382126,
      5593957.3580174325
    ],
    [
      666424.9763574915,
      5591483.765895233
    ],
    [
      665549.7351476273,
      5592699.79992748
    ],
    [
      664912.6640461746,
      5594813.701127838
    ],
    [
      667590.9459226441,
      5591858.188294748
    ],
    [
      665333.7052432882,
      5594620.056888961
    ],
    [
      668163.8789754455,
      5592969.430573337
    ],
    [
      664467.7642268828,
      5594899.936299042
    ],
    [
      666898.1273721872,
      5593622.497005157
    ],
    [
      665761.0639301348,
      5594419.122230551
    ],
    [
      666202.7118666755,
      5594191.986397761
    ],
    [
      666838.05466868,
      5592615.454484003
    ],
    [
      663582.3552086939,
      5594746.932637141
    ],
    [
      668217.6571118048,
      5591755.790142685
    ]
  ]
}