{
  "site_id": "waidmannsheil",
  "timestamp": "2026-06-08T06:31:03Z",
  "layout_id": "L_26_06_08_06_30_N16_7242107576565477877",
  "N turbines": 16,
  "seed": 7242107576565477877,
  "PI": 2.2561089079238887,
  "AEP": 236.97158585092112,
  "efficiency": 98.3896986249461,
  "LCoE": 38.71345475400235,
  "capacity factor": 0.5016979023780391,
  "installed MW": 53.92,
  "initial_coordinates_m": [
    [
      667740.9822060658,
      5593714.9661593065
    ],
    [
      664064.6816626474,
      5592586.5051033
    ],
    [
      664607.9979665331,
      5593580.039525351
    ],
    [
      665829.4319971501,
      5593018.533068498
    ],
    [
      664959.6044545342,
      5592737.733221526
    ],
    [
      665609.1167334632,
      5593187.885680173
    ],
    [
      665884.6431771469,
      5591794.525150735
    ],
    [
      667218.6024340987,
      5593554.24521749
    ],
    [
      666568.0026898673,
      5591777.835511212
    ],
    [
      666979.1713491086,
      5591842.072477272
    ],
    [
      665397.4817672209,
      5592036.294280028
    ],
    [
      668122.542677673,
      5592548.249348505
    ],
    [
      665084.2204384324,
      5593363.517343544
    ],
    [
      668331.9199828858,
      5592045.521136523
    ],
    [
      663707.6675521794,
      5594627.571917616
    ],
    [
      666487.980898244,
      5592507.2508681305
    ]
  ],
  "final_coordinates_m": [
    [
      667744.5343536922,
      5593417.02262545
    ],
    [
      663951.0855046709,
      5592670.598031126
    ],
    [
      664595.0600706618,
      5594074.268408373
    ],
    [
      666488.3188457548,
      5593705.212888742
    ],
    [
      664970.7233153664,
      5592611.064061292
    ],
    [
      665468.4357017744,
      5593677.5893923445
    ],
    [
      665916.0352490176,
      5591916.6502385
    ],
    [
      667292.9769700698,
      5593616.294184366
    ],
    [
      666414.105836323,
      5591573.462590142
    ],
    [
      667476.7306954098,
      5591755.410063208
    ],
    [
      665442.7299666052,
      5592292.43812709
    ],
    [
      668204.108834034,
      5593178.973245571
    ],
    [
      665048.4934145007,
      5593882.2948690485
    ],
    [
      668299.6325011177,
      5591798.5945563
    ],
    [
      663735.3523437334,
      5594610.817119274
    ],
    [
      666529.2031109338,
      5592585.395909076
    ]
  ]
}