{
  "site_id": "waidmannsheil",
  "timestamp": "2026-06-08T11:28:40Z",
  "layout_id": "L_26_06_08_11_28_N17_608890706058396079",
  "N turbines": 17,
  "seed": 608890706058396079,
  "PI": 2.268204227859731,
  "AEP": 251.5927856177669,
  "efficiency": 98.31563764915073,
  "LCoE": 38.597187699386524,
  "capacity factor": 0.5013202588165293,
  "installed MW": 57.29,
  "initial_coordinates_m": [
    [
      666904.3005853241,
      5591990.318397547
    ],
    [
      665556.6757859753,
      5594576.920509333
    ],
    [
      664177.6263752198,
      5592649.207631582
    ],
    [
      666017.8112433935,
      5592371.127719987
    ],
    [
      667381.6029396789,
      5593585.951410224
    ],
    [
      664498.618382978,
      5593704.055129136
    ],
    [
      668100.1702978624,
      5591736.556587037
    ],
    [
      668168.6014745266,
      5592389.04919768
    ],
    [
      665459.501816636,
      5593258.348015019
    ],
    [
      666580.5029494126,
      5591753.289688933
    ],
    [
      666833.896777893,
      5593604.319484147
    ],
    [
      665771.4100065314,
      5594401.644948983
    ],
    [
      666431.017770779,
      5591991.4018957075
    ],
    [
      666571.7734282291,
      5592433.242598749
    ],
    [
      664822.8104437611,
      5594821.912238567
    ],
    [
      664045.4095715492,
      5595135.293977399
    ],
    [
      664298.021799256,
      5593896.402577176
    ]
  ],
  "final_coordinates_m": [
    [
      667263.6474376459,
      5591861.47437634
    ],
    [
      665199.0046143536,
      5594558.185712125
    ],
    [
      664039.9006780846,
      5592601.525990134
    ],
    [
      665596.5731424395,
      5592195.621991998
    ],
    [
      668073.0574347759,
      5593395.789104864
    ],
    [
      665009.1839016107,
      5593421.733224015
    ],
    [
      668232.155825874,
      5591764.48935651
    ],
    [
      668190.5190993212,
      5592417.279687076
    ],
    [
      665586.9045298378,
      5593208.15701064
    ],
    [
      666445.4016087838,
      5591640.277848899
    ],
    [
      666610.8786675078,
      5593701.842209115
    ],
    [
      665777.8034406621,
      5594244.46594981
    ],
    [
      666027.3363504428,
      5591922.21949826
    ],
    [
      666995.4579894795,
      5593482.716145372
    ],
    [
      664465.8473666642,
      5594781.182458345
    ],
    [
      663863.1636385411,
      5595054.651349832
    ],
    [
      664321.4146111929,
      5593814.490260332
    ]
  ]
}