{
  "site_id": "waidmannsheil",
  "timestamp": "2026-06-18T15:02:23Z",
  "layout_id": "L_26_06_18_15_02_N17_6685919793734214877",
  "N turbines": 17,
  "seed": 6685919793734214877,
  "PI": 1.8234822695213482,
  "AEP": 251.09735313060293,
  "efficiency": 98.12203606885093,
  "LCoE": 38.66037758058316,
  "capacity factor": 0.500333066985566,
  "installed MW": 57.29,
  "initial_coordinates_m": [
    [
      663990.067710003,
      5595064.708384887
    ],
    [
      666164.5599784334,
      5591665.29812785
    ],
    [
      663801.2681433063,
      5594871.067991265
    ],
    [
      666866.923789782,
      5592148.563534941
    ],
    [
      664808.9716126927,
      5594775.641208755
    ],
    [
      666578.6188588737,
      5591649.694165502
    ],
    [
      665413.7833162985,
      5592778.651711361
    ],
    [
      667823.3362495613,
      5593587.311959599
    ],
    [
      667343.2668883649,
      5591524.957844039
    ],
    [
      665141.4596029228,
      5592474.167299671
    ],
    [
      665850.4884636858,
      5593063.035928322
    ],
    [
      665632.298292016,
      5593230.296069592
    ],
    [
      666285.0261356962,
      5592726.020392938
    ],
    [
      668274.3041910209,
      5592119.874441989
    ],
    [
      666000.1823883335,
      5594245.131693354
    ],
    [
      665113.3717273542,
      5593405.285383786
    ],
    [
      665536.0436711787,
      5594529.428237149
    ]
  ],
  "final_coordinates_m": [
    [
      663917.4169087107,
      5595118.501087814
    ],
    [
      666157.2893049914,
      5591954.298985808
    ],
    [
      664339.2543671264,
      5594898.807160701
    ],
    [
      667886.8445594998,
      5592511.887961221
    ],
    [
      664786.1476919944,
      5594665.623477334
    ],
    [
      666673.6607034834,
      5591660.8318093885
    ],
    [
      665466.5777991858,
      5592517.5083024
    ],
    [
      667874.017190334,
      5593668.136338152
    ],
    [
      667328.253137181,
      5591435.224622365
    ],
    [
      664966.6858514337,
      5592797.68033752
    ],
    [
      666624.2018299155,
      5593461.137603843
    ],
    [
      665589.6614888958,
      5593571.754786369
    ],
    [
      666695.1508212691,
      5592702.721191098
    ],
    [
      668376.8623672775,
      5592073.834777681
    ],
    [
      666063.1491082343,
      5594327.24782386
    ],
    [
      665023.9846613929,
      5593787.571971328
    ],
    [
      665496.3909517705,
      5594582.822626905
    ]
  ]
}