{
  "site_id": "waidmannsheil",
  "timestamp": "2026-06-18T14:07:05Z",
  "layout_id": "L_26_06_18_14_06_N17_4501964112976534285",
  "N turbines": 17,
  "seed": 4501964112976534285,
  "PI": 1.8245049409136367,
  "AEP": 251.1638559160988,
  "efficiency": 98.14802355392693,
  "LCoE": 38.64924719428121,
  "capacity factor": 0.5004655795039792,
  "installed MW": 57.29,
  "initial_coordinates_m": [
    [
      666986.8562110473,
      5591934.1456725765
    ],
    [
      665556.7077178061,
      5594509.003435929
    ],
    [
      666580.9054335823,
      5593670.760296409
    ],
    [
      668154.0298152436,
      5593112.063737143
    ],
    [
      667798.1714162631,
      5591514.224550775
    ],
    [
      664134.8580363137,
      5592626.564750173
    ],
    [
      663731.431278706,
      5594678.879573062
    ],
    [
      665085.3847795873,
      5593413.09780781
    ],
    [
      665827.5114859935,
      5593080.822498458
    ],
    [
      665775.3874800778,
      5594343.509754869
    ],
    [
      665376.4031314839,
      5594707.987454304
    ],
    [
      663882.7125798848,
      5594449.2753003435
    ],
    [
      666680.0101755387,
      5592388.132906996
    ],
    [
      664429.0299497837,
      5593837.38359398
    ],
    [
      665751.6630991326,
      5591896.691503338
    ],
    [
      668068.1924041937,
      5592588.854273856
    ],
    [
      666215.6212144191,
      5591617.34319759
    ]
  ],
  "final_coordinates_m": [
    [
      667271.1575020684,
      5592227.841824361
    ],
    [
      665580.7410571177,
      5594494.136338302
    ],
    [
      666676.7893273575,
      5593725.699040314
    ],
    [
      668074.0198679415,
      5593218.586265142
    ],
    [
      667832.2606494828,
      5591424.263064887
    ],
    [
      664140.3334232444,
      5592555.499044048
    ],
    [
      663643.0229230324,
      5594703.995804649
    ],
    [
      665017.1649934705,
      5593385.219612992
    ],
    [
      665770.3526125464,
      5593077.151421369
    ],
    [
      665902.8476171696,
      5594293.428857658
    ],
    [
      665258.2770368457,
      5594683.567011869
    ],
    [
      664312.0021785431,
      5594564.785346114
    ],
    [
      666724.4216868272,
      5593173.732718832
    ],
    [
      664358.2985478566,
      5593772.002872414
    ],
    [
      665686.7211755306,
      5591831.735367759
    ],
    [
      668126.7741802942,
      5592507.259520533
    ],
    [
      666215.1552823693,
      5591550.27106016
    ]
  ]
}