{
  "site_id": "waidmannsheil",
  "timestamp": "2026-06-07T22:06:29Z",
  "layout_id": "L_26_06_07_22_06_N14_3418280361999979264",
  "N turbines": 14,
  "seed": 3418280361999979264,
  "PI": 2.2279745685021988,
  "AEP": 208.19274246274082,
  "efficiency": 98.78952298741162,
  "LCoE": 38.98316881279427,
  "capacity factor": 0.503736642680855,
  "installed MW": 47.18,
  "initial_coordinates_m": [
    [
      665521.6688286322,
      5592756.109793496
    ],
    [
      666779.3590502744,
      5593624.028917254
    ],
    [
      665744.233909519,
      5593084.847759775
    ],
    [
      664246.973431176,
      5595192.394944029
    ],
    [
      664712.4465165056,
      5593466.898889775
    ],
    [
      664011.2075280414,
      5592739.363508981
    ],
    [
      665010.5334498523,
      5592972.786902343
    ],
    [
      667721.2253540002,
      5591430.31945311
    ],
    [
      667049.660864621,
      5593564.836119309
    ],
    [
      668112.4104083426,
      5592717.503614686
    ],
    [
      664139.3739461435,
      5594048.52635275
    ],
    [
      666551.3180637866,
      5591810.476581406
    ],
    [
      666391.0705956568,
      5592041.657742086
    ],
    [
      667589.9305706661,
      5593652.66560588
    ]
  ],
  "final_coordinates_m": [
    [
      665411.9905582656,
      5592459.179570673
    ],
    [
      666653.8311347442,
      5593724.988026109
    ],
    [
      666126.8043116337,
      5593967.623380876
    ],
    [
      664110.7126974737,
      5595208.301035516
    ],
    [
      664843.4958982351,
      5594044.937411168
    ],
    [
      663891.1964731362,
      5592614.59588279
    ],
    [
      664870.8275544109,
      5592804.465910293
    ],
    [
      667635.4555647888,
      5591333.680921485
    ],
    [
      667096.9508580655,
      5593501.12963033
    ],
    [
      668246.7739664348,
      5593044.456888539
    ],
    [
      664130.228274282,
      5594382.334023903
    ],
    [
      667091.5252646032,
      5591576.877745274
    ],
    [
      666053.6378717263,
      5592070.690304059
    ],
    [
      667661.653636354,
      5593307.730109257
    ]
  ]
}