{
  "site_id": "waidmannsheil",
  "timestamp": "2026-06-30T23:33:42Z",
  "layout_id": "L_26_06_30_23_33_N17_3042238999638795276",
  "N turbines": 17,
  "seed": 3042238999638795276,
  "PI": 1.77575945847239,
  "IRR": "17.5648",
  "AEP": 251.23892371585913,
  "efficiency": 98.17735801430199,
  "LCoE": 39.25678149506521,
  "capacity factor": 0.5006151585497862,
  "installed MW": 57.29,
  "initial_coordinates_m": [
    [
      666158.8617945446,
      5594170.600046102
    ],
    [
      667260.2492287005,
      5593512.693981721
    ],
    [
      666987.1703646695,
      5593523.183812875
    ],
    [
      667775.0035747933,
      5593656.772088715
    ],
    [
      664169.4985854767,
      5595128.223707328
    ],
    [
      666723.0737248007,
      5593595.293690307
    ],
    [
      666134.3539557694,
      5592842.327484805
    ],
    [
      666060.8526851932,
      5591746.751357977
    ],
    [
      664929.9718375276,
      5593456.21770866
    ],
    [
      667648.8985181956,
      5591453.164490299
    ],
    [
      665290.7418865169,
      5592844.615081658
    ],
    [
      663925.4322287603,
      5595015.334810532
    ],
    [
      666167.1146472769,
      5592193.952747754
    ],
    [
      663793.975825784,
      5594583.9537948435
    ],
    [
      667932.0522190745,
      5593431.073445683
    ],
    [
      664677.9699594134,
      5593544.047443866
    ],
    [
      665204.5422335428,
      5592347.23706084
    ]
  ],
  "final_coordinates_m": [
    [
      665998.3704893789,
      5594097.599901063
    ],
    [
      667353.526117878,
      5593520.554352272
    ],
    [
      666962.0184266946,
      5593622.34674248
    ],
    [
      667826.4333775636,
      5593381.020297777
    ],
    [
      664254.0834060962,
      5595259.179859327
    ],
    [
      666503.4095079944,
      5593844.737252229
    ],
    [
      666060.5645070476,
      5593169.8229467105
    ],
    [
      666529.4868718958,
      5591633.603283859
    ],
    [
      664925.5279711492,
      5593639.40636951
    ],
    [
      667594.119171029,
      5591430.340857806
    ],
    [
      664970.2501514474,
      5592727.880526695
    ],
    [
      663700.0385201556,
      5594668.8005838245
    ],
    [
      666016.36732384,
      5591906.935788188
    ],
    [
      664169.7499150755,
      5594320.170323374
    ],
    [
      668239.3264541163,
      5593157.7377624465
    ],
    [
      664545.9918797676,
      5593929.899957651
    ],
    [
      665613.5382722571,
      5592182.562807339
    ]
  ]
}