L_yy_mm_dd_hh_mm_N<x>_<seed>,PI,N turbines,AEP,efficiency,LCoE,capacity factor,installed MW
L_26_06_08_11_28_N17_608890706058396079,2.268204,17,251.592786,98.315638,38.597188,0.501320,57.290000
L_26_06_08_06_30_N16_7242107576565477877,2.256109,16,236.971586,98.389699,38.713455,0.501698,53.920000
L_26_06_08_02_02_N15_564946015330038660,2.236292,15,222.532933,98.554480,38.905640,0.502538,50.550000
L_26_06_07_22_06_N14_3418280361999979264,2.227975,14,208.192742,98.789523,38.983169,0.503737,47.180000
