L_yy_mm_dd_hh_mm_N<x>_<seed>,PI,IRR,N turbines,AEP,efficiency,LCoE,capacity factor,installed MW
L_26_06_18_14_39_N17_11057970192623874460,1.834702,18.7252,17,251.435250,98.254077,38.529801,0.501006,57.290000
L_26_06_24_10_01_N17_5982961543882514552,1.825879,,17,251.433657,98.253454,38.635954,0.501003,57.290000
L_26_06_18_14_06_N17_4501964112976534285,1.824505,,17,251.163856,98.148024,38.649247,0.500466,57.290000
L_26_06_18_15_02_N17_6685919793734214877,1.823482,,17,251.097353,98.122036,38.660378,0.500333,57.290000
L_26_06_24_09_41_N17_5600709196138945841,1.747915,,17,251.462697,98.264803,39.621172,0.501061,57.290000
