L_yy_mm_dd_hh_mm_N<x>_<seed>,PI,N turbines,AEP,efficiency,LCoE,capacity factor,installed MW
L_26_06_24_17_14_N17_16056773089536235477,1.740268,17,243.160260,95.883195,40.199088,0.484518,57.290000
L_26_06_24_17_35_N17_8174955211445674959,1.739375,17,242.872354,95.769668,40.208429,0.483944,57.290000
L_26_06_24_16_58_N17_13133973904230941829,1.739205,17,242.961764,95.804924,40.211589,0.484122,57.290000
