{
  "site_id": "schlegelmuehle",
  "timestamp": "2026-06-07T18:27:53Z",
  "layout_id": "L_26_06_07_18_27_N14_12689767152099333724",
  "N turbines": 14,
  "seed": 12689767152099333724,
  "PI": 2.0997836771037752,
  "AEP": 201.26681864632695,
  "efficiency": 93.12415592904483,
  "LCoE": 39.782798507920006,
  "capacity factor": 0.4869788942143442,
  "installed MW": 47.18,
  "initial_coordinates_m": [
    [
      693566.1697366005,
      5570454.74370329
    ],
    [
      693941.52133,
      5570486.833452378
    ],
    [
      693526.220190667,
      5570825.932453825
    ],
    [
      694007.38196,
      5570738.663376807
    ],
    [
      694585.575699606,
      5570320.73957
    ],
    [
      694397.8388203329,
      5570503.697395969
    ],
    [
      693620.9447,
      5571287.645891015
    ],
    [
      694787.7479055206,
      5570484.528129531
    ],
    [
      694438.7904129677,
      5570760.780292316
    ],
    [
      693647.28896,
      5571556.473501681
    ],
    [
      694837.22591,
      5570748.807134095
    ],
    [
      695084.0294075103,
      5570602.644938076
    ],
    [
      694103.4573513273,
      5571512.843899409
    ],
    [
      693520.01329,
      5571983.500017843
    ]
  ],
  "final_coordinates_m": [
    [
      693544.072926116,
      5570452.0365289925
    ],
    [
      693951.4642667033,
      5570475.4103391385
    ],
    [
      693516.104171325,
      5570812.657367444
    ],
    [
      694026.5267006562,
      5571051.747851669
    ],
    [
      694580.973115558,
      5570303.943843014
    ],
    [
      694386.0950675247,
      5570480.124906135
    ],
    [
      693620.2667722433,
      5571272.261510132
    ],
    [
      694795.9725634977,
      5570488.020629214
    ],
    [
      694433.3641930136,
      5570781.784566487
    ],
    [
      693629.7535621226,
      5571577.087305066
    ],
    [
      694838.6037611575,
      5570766.695882117
    ],
    [
      695099.7544849854,
      5570595.877091781
    ],
    [
      694115.7574651454,
      5571806.990291629
    ],
    [
      693513.0443379866,
      5571982.167832785
    ]
  ]
}