{
  "site_id": "schlegelmuehle",
  "timestamp": "2026-06-07T16:26:53Z",
  "layout_id": "L_26_06_07_16_26_N14_17058331987426355447",
  "N turbines": 14,
  "seed": 17058331987426355447,
  "PI": 2.1149199643730565,
  "AEP": 202.6296559077355,
  "efficiency": 93.75472718013782,
  "LCoE": 39.60089044933521,
  "capacity factor": 0.49027637259164725,
  "installed MW": 47.18,
  "initial_coordinates_m": [
    [
      695083.05072,
      5570787.2349456865
    ],
    [
      695087.49631,
      5570525.516967813
    ],
    [
      694399.6145496316,
      5570616.008747377
    ],
    [
      694770.4811175278,
      5570852.07021
    ],
    [
      694711.6475260743,
      5570395.548903734
    ],
    [
      693525.7096578102,
      5570780.729692411
    ],
    [
      693515.56769,
      5571043.470924567
    ],
    [
      693647.28896,
      5571510.529015347
    ],
    [
      693865.1246934759,
      5571910.111284119
    ],
    [
      694191.8094253811,
      5571782.135584903
    ],
    [
      694086.41472,
      5571284.345061725
    ],
    [
      694018.2628167663,
      5570780.449205535
    ],
    [
      693835.5213643035,
      5570373.42807
    ],
    [
      693594.60045,
      5571804.440799015
    ]
  ],
  "final_coordinates_m": [
    [
      695090.648899489,
      5570818.227664897
    ],
    [
      695104.7739368873,
      5570521.351818962
    ],
    [
      694390.3117693416,
      5570618.240902087
    ],
    [
      694765.9754074167,
      5570863.526271143
    ],
    [
      694689.9207717482,
      5570381.7214210555
    ],
    [
      693529.1614974147,
      5570769.9070859775
    ],
    [
      693507.433636333,
      5571050.105774491
    ],
    [
      693630.5683478233,
      5571503.48242007
    ],
    [
      693888.0515879838,
      5571945.266168077
    ],
    [
      694209.242621983,
      5571799.668069153
    ],
    [
      694102.8274242316,
      5571284.465766737
    ],
    [
      694023.1100314651,
      5570800.714726932
    ],
    [
      693967.568278044,
      5570369.721409046
    ],
    [
      693570.0145341329,
      5571824.757568449
    ]
  ]
}