{
  "site_id": "schlegelmuehle",
  "timestamp": "2026-06-18T19:26:29Z",
  "layout_id": "L_26_06_18_19_26_N15_9214841224539543549",
  "N turbines": 15,
  "seed": 9214841224539543549,
  "PI": 1.6842501879012575,
  "AEP": 216.20401955059006,
  "efficiency": 93.36642025858333,
  "LCoE": 39.506083497982225,
  "capacity factor": 0.48824577941861,
  "installed MW": 50.550000000000004,
  "initial_coordinates_m": [
    [
      694441.9798,
      5570686.150969833
    ],
    [
      693949.9772333002,
      5571941.0327084325
    ],
    [
      694093.3609714973,
      5571527.60682209
    ],
    [
      693664.82435,
      5571571.399654678
    ],
    [
      694719.1301886948,
      5570426.24056163
    ],
    [
      693545.0639362101,
      5570825.904508079
    ],
    [
      693882.0662853211,
      5570390.863130265
    ],
    [
      693638.4801,
      5571302.1262555085
    ],
    [
      693419.4660522868,
      5570596.756283217
    ],
    [
      694076.2087641391,
      5571258.8369004205
    ],
    [
      693620.4442916622,
      5570426.3189755585
    ],
    [
      694819.69052,
      5570695.451922438
    ],
    [
      693944.6407689417,
      5570834.829304428
    ],
    [
      695102.8113534785,
      5570723.61285225
    ],
    [
      693603.1684814191,
      5571861.11719992
    ]
  ],
  "final_coordinates_m": [
    [
      694431.9720496453,
      5570726.036119785
    ],
    [
      694104.4160879273,
      5571955.288703651
    ],
    [
      694140.8115989598,
      5571597.594858068
    ],
    [
      693631.6351437715,
      5571594.651761947
    ],
    [
      694722.6505070137,
      5570398.447409774
    ],
    [
      693530.79858822,
      5570963.439014731
    ],
    [
      693904.9816741127,
      5570354.704617045
    ],
    [
      693622.9611587994,
      5571312.3756495565
    ],
    [
      693400.5067616573,
      5570586.169201208
    ],
    [
      694097.235387746,
      5571237.964016959
    ],
    [
      693615.228445963,
      5570427.831796669
    ],
    [
      694816.8019936129,
      5570835.986687027
    ],
    [
      693959.7922374561,
      5570833.619572826
    ],
    [
      695104.4566715743,
      5570711.072928072
    ],
    [
      693588.2919016024,
      5572015.308809601
    ]
  ]
}