{
  "site_id": "schlegelmuehle",
  "timestamp": "2026-06-18T21:50:48Z",
  "layout_id": "L_26_06_18_21_50_N16_13653079470118043688",
  "N turbines": 16,
  "seed": 13653079470118043688,
  "PI": 1.6765861240489335,
  "AEP": 228.53759418846326,
  "efficiency": 92.52431355797236,
  "LCoE": 39.57192968604713,
  "capacity factor": 0.4838421079352788,
  "installed MW": 53.92,
  "initial_coordinates_m": [
    [
      693664.7579413904,
      5571553.204427628
    ],
    [
      694095.4117136913,
      5571544.951445126
    ],
    [
      694415.63555,
      5570588.22305849
    ],
    [
      693931.7793538176,
      5571940.99343
    ],
    [
      693546.27521,
      5570807.815328598
    ],
    [
      693549.2884947679,
      5571068.857806725
    ],
    [
      693937.5688677025,
      5570851.364930153
    ],
    [
      693633.2745815879,
      5570413.717143875
    ],
    [
      694069.3785968978,
      5571275.569657305
    ],
    [
      694560.1961346808,
      5570357.164920021
    ],
    [
      694807.1601207536,
      5570797.119732394
    ],
    [
      694780.9056633402,
      5570507.858165316
    ],
    [
      693899.6471152824,
      5570390.30752012
    ],
    [
      693624.2748470776,
      5571862.8478136975
    ],
    [
      694202.7132826655,
      5571883.203336271
    ],
    [
      695090.6976076593,
      5570560.336236263
    ]
  ],
  "final_coordinates_m": [
    [
      693637.9937324689,
      5571552.939025543
    ],
    [
      694092.8551261146,
      5571537.6404679185
    ],
    [
      694381.4817960392,
      5570587.185273777
    ],
    [
      693924.9316498155,
      5571972.644412598
    ],
    [
      693549.9733530729,
      5570793.628343402
    ],
    [
      693535.6068479746,
      5571078.72241785
    ],
    [
      693964.1015621532,
      5570853.78161795
    ],
    [
      693625.9381797828,
      5570428.253949209
    ],
    [
      694091.8673445986,
      5571273.374395188
    ],
    [
      694556.8685391231,
      5570344.21138096
    ],
    [
      694803.0960073821,
      5570817.545934518
    ],
    [
      694814.8169111379,
      5570492.678734898
    ],
    [
      693912.8406466057,
      5570363.130866723
    ],
    [
      693621.1583214975,
      5572017.193699286
    ],
    [
      694203.5345390507,
      5571880.546107679
    ],
    [
      695104.4495530957,
      5570544.35510628
    ]
  ]
}