{
  "site_id": "schlegelmuehle",
  "timestamp": "2026-06-18T18:31:55Z",
  "layout_id": "L_26_06_18_18_31_N14_12146356031834643690",
  "N turbines": 14,
  "seed": 12146356031834643690,
  "PI": 1.6711388841822385,
  "AEP": 201.95237757726696,
  "efficiency": 93.44135723034621,
  "LCoE": 39.68769711373801,
  "capacity factor": 0.4886376511438438,
  "installed MW": 47.18,
  "initial_coordinates_m": [
    [
      693579.020182653,
      5570467.096136606
    ],
    [
      693533.10309,
      5570880.870318541
    ],
    [
      694820.5870570537,
      5570706.098827568
    ],
    [
      693656.562283848,
      5571624.179874548
    ],
    [
      693951.503650666,
      5571888.195000506
    ],
    [
      694082.05145,
      5571471.902020588
    ],
    [
      694725.8486736185,
      5570434.524837721
    ],
    [
      693993.6610372543,
      5570808.19056
    ],
    [
      694441.9798,
      5570675.435205642
    ],
    [
      693651.65222,
      5571356.986374484
    ],
    [
      694187.4477443666,
      5571712.22913489
    ],
    [
      694089.440369728,
      5571203.775296959
    ],
    [
      693848.2970923266,
      5570373.267131865
    ],
    [
      695067.1295315415,
      5570608.6699105725
    ]
  ],
  "final_coordinates_m": [
    [
      693538.0459226056,
      5570451.223770459
    ],
    [
      693522.3890750913,
      5570879.061345313
    ],
    [
      694816.663113243,
      5570860.4708103025
    ],
    [
      693616.6285074895,
      5571793.085365954
    ],
    [
      693950.0076438456,
      5571940.357774446
    ],
    [
      694098.3745521068,
      5571451.005841867
    ],
    [
      694729.7182740838,
      5570408.922913652
    ],
    [
      694013.7356057393,
      5570800.486083469
    ],
    [
      694425.3905355553,
      5570658.6849381365
    ],
    [
      693625.3394954946,
      5571360.440011245
    ],
    [
      694174.5391996345,
      5571735.757847478
    ],
    [
      694098.9608295655,
      5571189.955308049
    ],
    [
      693864.5167490438,
      5570356.142350687
    ],
    [
      695100.2936139411,
      5570587.771450358
    ]
  ]
}