{
  "site_id": "schlegelmuehle",
  "timestamp": "2026-06-07T13:07:01Z",
  "layout_id": "L_26_06_07_13_06_N14_16728336303228454054",
  "N turbines": 14,
  "seed": 16728336303228454054,
  "PI": 2.125688700864892,
  "AEP": 203.53670242540605,
  "efficiency": 94.17440858571952,
  "LCoE": 39.4736657538754,
  "capacity factor": 0.4924710339528543,
  "installed MW": 47.18,
  "initial_coordinates_m": [
    [
      695087.49631,
      5570584.479249341
    ],
    [
      693515.1680540367,
      5571992.907616536
    ],
    [
      693708.3147922476,
      5571687.382484612
    ],
    [
      693506.5006712034,
      5571003.498360787
    ],
    [
      694099.58684,
      5571072.603728207
    ],
    [
      694416.5913078309,
      5570657.4076860845
    ],
    [
      694060.074773696,
      5571958.52882
    ],
    [
      693957.5103156492,
      5570576.157960612
    ],
    [
      694139.1196842937,
      5571590.444429901
    ],
    [
      694820.4019861708,
      5570852.07021
    ],
    [
      693631.1410839537,
      5570392.006705972
    ],
    [
      693428.7283405868,
      5570557.830455199
    ],
    [
      694086.41472,
      5571333.277750281
    ],
    [
      694679.5057376479,
      5570360.25595
    ]
  ],
  "final_coordinates_m": [
    [
      695102.3964035431,
      5570558.173123891
    ],
    [
      693486.4231742185,
      5572011.194504867
    ],
    [
      693676.9100898477,
      5571697.37583702
    ],
    [
      693494.3562411804,
      5571009.77019598
    ],
    [
      694114.5175153876,
      5571063.020312827
    ],
    [
      694405.3699341157,
      5570667.39263815
    ],
    [
      694199.7251973901,
      5571974.357145132
    ],
    [
      693985.3652664368,
      5570574.00069635
    ],
    [
      694117.8585816784,
      5571596.470845276
    ],
    [
      694833.2512527921,
      5570852.356999365
    ],
    [
      693621.7661705961,
      5570372.242625809
    ],
    [
      693421.998555207,
      5570547.092398908
    ],
    [
      694092.2630237575,
      5571331.357326909
    ],
    [
      694669.6393358352,
      5570346.4588751905
    ]
  ]
}