{
  "site_id": "schlegelmuehle",
  "timestamp": "2026-06-18T20:07:11Z",
  "layout_id": "L_26_06_18_20_06_N15_18385203957966050666",
  "N turbines": 15,
  "seed": 18385203957966050666,
  "PI": 1.6705877557315265,
  "AEP": 214.89393018425193,
  "efficiency": 92.80066595573511,
  "LCoE": 39.66783152946203,
  "capacity factor": 0.48528725161184033,
  "installed MW": 50.550000000000004,
  "initial_coordinates_m": [
    [
      693538.3014659827,
      5570839.18016188
    ],
    [
      693950.33019,
      5570600.87643555
    ],
    [
      693649.1274739152,
      5571861.96067
    ],
    [
      694052.8225319724,
      5570986.623293946
    ],
    [
      694455.15193,
      5570749.917280511
    ],
    [
      694441.7928572405,
      5570475.605881045
    ],
    [
      694819.69052,
      5570627.796760124
    ],
    [
      693664.3511987771,
      5571586.38918788
    ],
    [
      693610.3534326245,
      5570437.272783188
    ],
    [
      694082.05145,
      5571246.008304069
    ],
    [
      694084.7855622404,
      5571515.425069826
    ],
    [
      693647.3463512461,
      5571313.822886829
    ],
    [
      693951.4220202189,
      5571931.886272196
    ],
    [
      695096.5118194098,
      5570793.0703383405
    ],
    [
      694702.442829268,
      5570367.244055095
    ]
  ],
  "final_coordinates_m": [
    [
      693524.3673710673,
      5570825.156123965
    ],
    [
      693958.8156344428,
      5570599.431878657
    ],
    [
      693631.4682488289,
      5572015.96530027
    ],
    [
      694062.0514412002,
      5570969.8059567185
    ],
    [
      694439.0426270593,
      5570766.025464811
    ],
    [
      694442.9246352771,
      5570457.677832925
    ],
    [
      694810.8212329341,
      5570768.389783674
    ],
    [
      693640.5137800169,
      5571599.547014466
    ],
    [
      693601.9963679629,
      5570414.608526644
    ],
    [
      694079.0686942316,
      5571250.324555927
    ],
    [
      694110.1205043499,
      5571653.2557358155
    ],
    [
      693645.4717155716,
      5571310.56452962
    ],
    [
      694081.7444771016,
      5571944.304166489
    ],
    [
      695098.5722808528,
      5570790.623249339
    ],
    [
      694699.4788844394,
      5570355.892678361
    ]
  ]
}