{
  "site_id": "schlegelmuehle",
  "timestamp": "2026-06-18T18:13:34Z",
  "layout_id": "L_26_06_18_18_13_N14_6576581080151974730",
  "N turbines": 14,
  "seed": 6576581080151974730,
  "PI": 1.6744753826502066,
  "AEP": 202.27510670275683,
  "efficiency": 93.59068078803496,
  "LCoE": 39.648173722196184,
  "capacity factor": 0.4894185164336062,
  "installed MW": 47.18,
  "initial_coordinates_m": [
    [
      694068.9540733938,
      5571279.712950157
    ],
    [
      693612.13584,
      5571806.266199571
    ],
    [
      693546.2200379451,
      5571066.064438239
    ],
    [
      694470.1366178805,
      5570447.537807124
    ],
    [
      693664.3500260045,
      5571549.059499029
    ],
    [
      693903.7801376918,
      5570390.83631994
    ],
    [
      693546.27521,
      5570803.645353442
    ],
    [
      693937.2032285865,
      5570855.514022294
    ],
    [
      693927.6093786614,
      5571940.99343
    ],
    [
      694174.25633,
      5571789.453632628
    ],
    [
      693636.4225466457,
      5570411.132580789
    ],
    [
      694819.69052,
      5570668.087477381
    ],
    [
      694451.8854053036,
      5570710.02913849
    ],
    [
      695075.3215353137,
      5570763.424365057
    ]
  ],
  "final_coordinates_m": [
    [
      694081.6008023279,
      5571268.567451456
    ],
    [
      693579.6957172988,
      5571844.249356369
    ],
    [
      693518.7582599897,
      5571088.227883647
    ],
    [
      694477.8023438214,
      5570404.466994629
    ],
    [
      693631.6600193885,
      5571522.351346339
    ],
    [
      693922.2309147401,
      5570358.938445296
    ],
    [
      693533.4754100781,
      5570804.525311314
    ],
    [
      693957.7597532503,
      5570849.277964981
    ],
    [
      693949.0043217319,
      5571969.038630564
    ],
    [
      694208.3869850851,
      5571792.4931745995
    ],
    [
      693586.3990723985,
      5570411.0030912915
    ],
    [
      694837.4055999193,
      5570851.8324385835
    ],
    [
      694434.3097497786,
      5570722.381035485
    ],
    [
      695104.9465696148,
      5570759.240674714
    ]
  ]
}