{
  "site_id": "schlegelmuehle",
  "timestamp": "2026-06-18T21:24:38Z",
  "layout_id": "L_26_06_18_21_24_N16_16880738798942033226",
  "N turbines": 16,
  "seed": 16880738798942033226,
  "PI": 1.6756567554822661,
  "AEP": 228.43906831263058,
  "efficiency": 92.48442498269665,
  "LCoE": 39.58162902640319,
  "capacity factor": 0.4836335165758645,
  "installed MW": 53.92,
  "initial_coordinates_m": [
    [
      693664.82435,
      5571572.116861266
    ],
    [
      694076.599885616,
      5571258.236701433
    ],
    [
      693638.4801,
      5571302.8434620965
    ],
    [
      693881.3499425835,
      5570390.898320779
    ],
    [
      694786.8907397628,
      5570521.35726391
    ],
    [
      693950.6935761595,
      5571940.9998435285
    ],
    [
      694092.8295560493,
      5571527.125176046
    ],
    [
      694806.51839,
      5570811.963416208
    ],
    [
      694415.0210804767,
      5570573.37736367
    ],
    [
      693419.927102514,
      5570597.304601194
    ],
    [
      693544.8896693686,
      5570826.600220921
    ],
    [
      693609.0284096339,
      5571832.345415575
    ],
    [
      694572.6220978708,
      5570350.571418416
    ],
    [
      693945.0680092225,
      5570834.253239299
    ],
    [
      693620.0755729631,
      5570426.9341436755
    ],
    [
      695071.9811945087,
      5570563.075043206
    ]
  ],
  "final_coordinates_m": [
    [
      693658.1526740992,
      5571579.21536146
    ],
    [
      694102.6621278408,
      5571252.424566696
    ],
    [
      693642.9444039487,
      5571318.830638012
    ],
    [
      693904.3800236332,
      5570357.703102597
    ],
    [
      694825.999268775,
      5570521.023818791
    ],
    [
      694078.697583768,
      5571957.927334425
    ],
    [
      694099.1673054693,
      5571660.670284898
    ],
    [
      694795.3644046133,
      5570837.104255926
    ],
    [
      694420.3745337372,
      5570724.298603304
    ],
    [
      693392.9221971944,
      5570568.589498434
    ],
    [
      693529.2809901668,
      5570962.786092095
    ],
    [
      693595.3654294098,
      5571855.062671522
    ],
    [
      694555.7314892774,
      5570332.9646469625
    ],
    [
      693950.4669568788,
      5570840.573352095
    ],
    [
      693620.256333286,
      5570438.29161088
    ],
    [
      695105.0235338002,
      5570554.354950087
    ]
  ]
}