{
  "site_id": "schlegelmuehle",
  "timestamp": "2026-06-18T18:48:40Z",
  "layout_id": "L_26_06_18_18_48_N14_5199820850165561110",
  "N turbines": 14,
  "seed": 5199820850165561110,
  "PI": 1.6690828190222664,
  "AEP": 201.74061574452315,
  "efficiency": 93.34337713573903,
  "LCoE": 39.715026967239694,
  "capacity factor": 0.48812527884204077,
  "installed MW": 47.18,
  "initial_coordinates_m": [
    [
      694451.7934361527,
      5570709.834685838
    ],
    [
      694082.05145,
      5571492.003795851
    ],
    [
      693593.5498757289,
      5570453.581096169
    ],
    [
      693533.10309,
      5570860.76457269
    ],
    [
      694683.2716512231,
      5570837.025195465
    ],
    [
      693653.2457775725,
      5571606.883421273
    ],
    [
      694082.1999334439,
      5571222.230461424
    ],
    [
      693973.7905911272,
      5570810.212315511
    ],
    [
      693651.65222,
      5571336.882613922
    ],
    [
      693950.33019,
      5571908.197731408
    ],
    [
      694187.42846,
      5571732.332422052
    ],
    [
      694699.3452535338,
      5570408.036333057
    ],
    [
      695097.9323240662,
      5570683.738094381
    ],
    [
      693925.6541332677,
      5570446.041532382
    ]
  ],
  "final_coordinates_m": [
    [
      694487.9775842783,
      5570718.074089558
    ],
    [
      694117.0801889026,
      5571489.225275904
    ],
    [
      693576.5349662753,
      5570447.529791772
    ],
    [
      693518.3347781118,
      5570889.407035264
    ],
    [
      694835.9290209588,
      5570859.704017222
    ],
    [
      693616.5949704208,
      5571911.683618892
    ],
    [
      694085.640123151,
      5571208.182123536
    ],
    [
      693971.8990873,
      5570802.555487751
    ],
    [
      693632.9623811545,
      5571467.104134467
    ],
    [
      693951.734569736,
      5571928.541197375
    ],
    [
      694185.6948439879,
      5571749.217969093
    ],
    [
      694698.8524012883,
      5570378.516284837
    ],
    [
      695092.0419467287,
      5570667.788071016
    ],
    [
      693944.530996329,
      5570406.612557317
    ]
  ]
}