{
  "site_id": "schlegelmuehle",
  "timestamp": "2026-06-18T20:55:17Z",
  "layout_id": "L_26_06_18_20_54_N16_5121864503418158291",
  "N turbines": 16,
  "seed": 5121864503418158291,
  "PI": 1.6820026100062833,
  "AEP": 229.12485390702855,
  "efficiency": 92.76206788689775,
  "LCoE": 39.508074114013134,
  "capacity factor": 0.4850854087635084,
  "installed MW": 53.92,
  "initial_coordinates_m": [
    [
      693664.82435,
      5571574.217392296
    ],
    [
      693544.2301743726,
      5570828.592570357
    ],
    [
      693952.7939497612,
      5571940.99343
    ],
    [
      694739.1412448542,
      5570821.506590045
    ],
    [
      694077.8511728762,
      5571256.549540861
    ],
    [
      693879.2510105807,
      5570390.96346
    ],
    [
      694650.0780741259,
      5570371.295555552
    ],
    [
      694177.1168519616,
      5571764.657660116
    ],
    [
      693639.7547220269,
      5571304.357958027
    ],
    [
      693618.9319099514,
      5570428.693216685
    ],
    [
      693946.4721755692,
      5570832.691543421
    ],
    [
      694467.6145166713,
      5570768.67419
    ],
    [
      693421.1783868538,
      5570598.991763933
    ],
    [
      693514.7289269429,
      5572006.517857893
    ],
    [
      695087.4917151992,
      5570701.964197546
    ],
    [
      693918.2456356516,
      5571494.840892614
    ]
  ],
  "final_coordinates_m": [
    [
      693590.2749084998,
      5571741.146344579
    ],
    [
      693530.6774820028,
      5570956.301238418
    ],
    [
      693935.8560451925,
      5571932.015069757
    ],
    [
      694751.6482837781,
      5570823.02079475
    ],
    [
      694071.4758864965,
      5571234.0960063515
    ],
    [
      693896.7880923538,
      5570356.340191381
    ],
    [
      694619.4959130705,
      5570344.846008091
    ],
    [
      694199.8999716258,
      5571782.444942199
    ],
    [
      693612.150524695,
      5571304.376760457
    ],
    [
      693619.5885842423,
      5570418.95637682
    ],
    [
      693946.0441870575,
      5570816.824894934
    ],
    [
      694432.193942679,
      5570753.154634727
    ],
    [
      693389.6874092,
      5570574.432068822
    ],
    [
      693487.1888196766,
      5572014.944516926
    ],
    [
      695097.6644509548,
      5570688.478943185
    ],
    [
      693923.4417408829,
      5571496.0911499765
    ]
  ]
}