{
  "site_id": "schlegelmuehle",
  "timestamp": "2026-06-18T19:47:25Z",
  "layout_id": "L_26_06_18_19_47_N15_4801872406968103340",
  "N turbines": 15,
  "seed": 4801872406968103340,
  "PI": 1.6677081142419596,
  "AEP": 214.648817237536,
  "efficiency": 92.69481538717737,
  "LCoE": 39.70445132941949,
  "capacity factor": 0.4847337218395278,
  "installed MW": 50.550000000000004,
  "initial_coordinates_m": [
    [
      694174.25633,
      5571836.176738465
    ],
    [
      694423.9766878037,
      5570614.824098628
    ],
    [
      693625.2418459821,
      5571237.079190472
    ],
    [
      693970.2715344954,
      5570679.49372817
    ],
    [
      694068.87932,
      5571326.432234583
    ],
    [
      694534.3621780532,
      5570369.958583958
    ],
    [
      693465.0229702219,
      5570556.146069655
    ],
    [
      693924.6111524659,
      5570415.239362116
    ],
    [
      694819.69052,
      5570771.346746409
    ],
    [
      694070.7445169241,
      5571065.188197147
    ],
    [
      693898.0447480929,
      5571920.572149024
    ],
    [
      693664.82435,
      5571502.382937495
    ],
    [
      693612.13584,
      5571807.56726166
    ],
    [
      693602.7515416084,
      5570831.320319754
    ],
    [
      695099.8134576527,
      5570623.078525861
    ]
  ],
  "final_coordinates_m": [
    [
      694209.301897027,
      5571971.6617797855
    ],
    [
      694424.9517453262,
      5570735.641690558
    ],
    [
      693623.3545944559,
      5571236.342714317
    ],
    [
      693955.7833678651,
      5570699.456391808
    ],
    [
      694070.2588799255,
      5571491.982030452
    ],
    [
      694693.8567963091,
      5570356.881229195
    ],
    [
      693452.4325565366,
      5570543.755780968
    ],
    [
      693936.7583804578,
      5570409.725342078
    ],
    [
      694813.0525744683,
      5570774.657770981
    ],
    [
      694071.3571893553,
      5571066.9748643255
    ],
    [
      693906.4010191023,
      5571943.078093713
    ],
    [
      693640.3444754811,
      5571502.950940148
    ],
    [
      693601.3876471441,
      5571828.834410626
    ],
    [
      693604.050547378,
      5570969.790002495
    ],
    [
      695104.8396386415,
      5570611.477504839
    ]
  ]
}