{
  "site_id": "denmark",
  "timestamp": "2026-06-19T01:14:47Z",
  "layout_id": "L_26_06_19_01_14_N16_8038241024615478312",
  "N turbines": 16,
  "seed": 8038241024615478312,
  "PI": 1.266227006481409,
  "AEP": 250.25794958619315,
  "efficiency": 96.12354634257004,
  "LCoE": 42.60579899376034,
  "capacity factor": 0.5298267634492185,
  "installed MW": 53.92,
  "initial_coordinates_m": [
    [
      502515.62284046627,
      6124150.887820833
    ],
    [
      502583.4613021561,
      6122832.038876748
    ],
    [
      502625.1020371356,
      6122561.291056227
    ],
    [
      502345.9315009245,
      6122487.55380306
    ],
    [
      502262.2657814595,
      6123037.705974261
    ],
    [
      502220.8434044203,
      6123312.845897595
    ],
    [
      501005.4600423806,
      6123035.447021617
    ],
    [
      501090.43112580467,
      6122166.9344866695
    ],
    [
      503809.9559158438,
      6123733.680536846
    ],
    [
      501001.59752409917,
      6124148.2967732465
    ],
    [
      502584.2659716696,
      6123539.110785487
    ],
    [
      501002.6318542287,
      6123313.67334439
    ],
    [
      503161.16430187045,
      6124118.981471252
    ],
    [
      503828.94309324207,
      6124138.432648566
    ],
    [
      502095.56457820296,
      6124138.113238332
    ],
    [
      501364.58069092786,
      6122214.472900305
    ]
  ],
  "final_coordinates_m": [
    [
      502712.5573784027,
      6124164.58976957
    ],
    [
      503240.9938139212,
      6123044.100774336
    ],
    [
      503172.2050198306,
      6122494.706627114
    ],
    [
      502346.1926745808,
      6122387.542660961
    ],
    [
      502278.6967784047,
      6122994.794335436
    ],
    [
      502158.3692838025,
      6123549.4491689475
    ],
    [
      500985.1814450782,
      6123016.555133732
    ],
    [
      500936.0755161458,
      6122151.125700846
    ],
    [
      503868.0262186647,
      6123706.504963355
    ],
    [
      500944.1713772487,
      6124217.112000547
    ],
    [
      503125.7504597257,
      6123558.958493832
    ],
    [
      500953.3979829157,
      6123571.815254742
    ],
    [
      503160.792805881,
      6124176.742812465
    ],
    [
      503853.6144019195,
      6124204.828816032
    ],
    [
      502071.78480320604,
      6124161.863411958
    ],
    [
      501603.647265387,
      6122216.538193709
    ]
  ]
}