{
  "site_id": "denmark",
  "timestamp": "2026-06-19T01:41:45Z",
  "layout_id": "L_26_06_19_01_41_N16_6420103084460674325",
  "N turbines": 16,
  "seed": 6420103084460674325,
  "PI": 1.264222707075621,
  "AEP": 249.5966928270839,
  "efficiency": 95.86955902734718,
  "LCoE": 42.63338549140968,
  "capacity factor": 0.5284268018133661,
  "installed MW": 53.92,
  "initial_coordinates_m": [
    [
      502134.01694473176,
      6122347.935279917
    ],
    [
      502869.93506394303,
      6123557.382712001
    ],
    [
      501002.0851070087,
      6123367.467336225
    ],
    [
      501604.9456199381,
      6124153.602215673
    ],
    [
      502737.94435309403,
      6124025.328881488
    ],
    [
      501883.18508073397,
      6124152.772885873
    ],
    [
      502636.1725187065,
      6123739.560139795
    ],
    [
      502948.168287798,
      6122488.599101699
    ],
    [
      503733.85295531055,
      6123077.167160864
    ],
    [
      501585.7225716803,
      6122252.831011834
    ],
    [
      503456.3400282307,
      6122682.395722605
    ],
    [
      502607.4988228528,
      6122672.954824102
    ],
    [
      500910.7956162487,
      6122261.350601174
    ],
    [
      501004.91316353943,
      6123089.241012114
    ],
    [
      502819.1438882674,
      6123288.201585765
    ],
    [
      500996.4279575774,
      6123923.919973885
    ]
  ],
  "final_coordinates_m": [
    [
      501958.3461223282,
      6122282.58189393
    ],
    [
      503453.24412915943,
      6124075.645495982
    ],
    [
      501148.92533720384,
      6123502.347367748
    ],
    [
      501552.8007085256,
      6124114.247666627
    ],
    [
      502625.70105706697,
      6124136.054573158
    ],
    [
      502036.66480972257,
      6124102.651661341
    ],
    [
      502579.93099077087,
      6123674.631243073
    ],
    [
      503228.2892298385,
      6122499.678457329
    ],
    [
      503694.0095547041,
      6123403.684587663
    ],
    [
      501490.7909247254,
      6122182.287754035
    ],
    [
      503626.28104254656,
      6122833.500493906
    ],
    [
      502579.32786627667,
      6122533.625566672
    ],
    [
      500849.35652030504,
      6122097.33509438
    ],
    [
      500950.74945348117,
      6123077.957481979
    ],
    [
      502960.24301496946,
      6123276.606773172
    ],
    [
      500938.9704139169,
      6124182.196996521
    ]
  ]
}