{
  "site_id": "denmark",
  "timestamp": "2026-06-19T03:19:24Z",
  "layout_id": "L_26_06_19_03_19_N17_1417744962385133343",
  "N turbines": 17,
  "seed": 1417744962385133343,
  "PI": 1.2756645145130991,
  "AEP": 264.25940324278207,
  "efficiency": 95.53079992701447,
  "LCoE": 42.35783145996201,
  "capacity factor": 0.5265595835869538,
  "installed MW": 57.29,
  "initial_coordinates_m": [
    [
      502854.0833573726,
      6123473.775210819
    ],
    [
      501509.6519680827,
      6124153.886251103
    ],
    [
      503532.2576707456,
      6122720.845607205
    ],
    [
      501405.46748254145,
      6122221.564908872
    ],
    [
      501003.05359954876,
      6123272.178182686
    ],
    [
      502214.61511711817,
      6123353.873141608
    ],
    [
      500896.7787962657,
      6122167.093031093
    ],
    [
      502172.855122022,
      6123628.962196535
    ],
    [
      501953.7618555929,
      6122316.669176956
    ],
    [
      501000.2265119172,
      6123550.404516641
    ],
    [
      502640.9018046818,
      6123025.213094596
    ],
    [
      500978.6317289261,
      6122717.521626591
    ],
    [
      502762.11272693897,
      6122456.33440425
    ],
    [
      502339.46946993517,
      6122528.544880985
    ],
    [
      502131.09582257876,
      6123904.051357067
    ],
    [
      501005.8818892296,
      6122993.951860945
    ],
    [
      503187.3638484135,
      6124109.264231616
    ]
  ],
  "final_coordinates_m": [
    [
      503541.8293193543,
      6123624.881053551
    ],
    [
      501502.0007636717,
      6124170.444292047
    ],
    [
      503546.6676124828,
      6122707.096722625
    ],
    [
      501417.56855588476,
      6122184.66834798
    ],
    [
      500990.7367019575,
      6123538.848054705
    ],
    [
      502451.4439478932,
      6123296.165104115
    ],
    [
      500853.09790464287,
      6122148.669088241
    ],
    [
      502192.3698116823,
      6123915.520661981
    ],
    [
      502004.0056348884,
      6122308.116244667
    ],
    [
      500963.7541111184,
      6124117.561923078
    ],
    [
      503083.81691679143,
      6123264.154687559
    ],
    [
      500976.59457792784,
      6122727.382114336
    ],
    [
      503036.90377511055,
      6122442.574245487
    ],
    [
      502353.3713995713,
      6122553.40631767
    ],
    [
      502600.5488628711,
      6124198.2253610315
    ],
    [
      500973.7785166365,
      6123205.328466556
    ],
    [
      503233.0349555181,
      6124159.940149619
    ]
  ]
}