{
  "site_id": "denmark",
  "timestamp": "2026-06-18T23:47:35Z",
  "layout_id": "L_26_06_18_23_47_N15_17085776254635971041",
  "N turbines": 15,
  "seed": 17085776254635971041,
  "PI": 1.2480046715073934,
  "AEP": 234.65991827660815,
  "efficiency": 96.14120072616865,
  "LCoE": 43.0098326735238,
  "capacity factor": 0.5299240732684944,
  "installed MW": 50.550000000000004,
  "initial_coordinates_m": [
    [
      502603.7587025229,
      6122696.679805325
    ],
    [
      502243.528900023,
      6123163.007284595
    ],
    [
      503679.29134781484,
      6122795.313513852
    ],
    [
      503434.9134204671,
      6122671.543823513
    ],
    [
      502311.852777823,
      6122378.7817514045
    ],
    [
      500998.26473770465,
      6123743.438078469
    ],
    [
      502769.76558601705,
      6124150.130314506
    ],
    [
      501001.0917421382,
      6123465.211743676
    ],
    [
      501980.93410157115,
      6124152.481531887
    ],
    [
      501215.26403172,
      6122188.573215237
    ],
    [
      502924.54247333633,
      6122484.276587942
    ],
    [
      500925.17359843233,
      6122358.036844198
    ],
    [
      501146.21571918344,
      6124154.969521286
    ],
    [
      501489.41121824575,
      6122236.125349279
    ],
    [
      503542.7086368634,
      6123967.03014567
    ]
  ],
  "final_coordinates_m": [
    [
      502624.5016033666,
      6122953.500197604
    ],
    [
      502237.49136478506,
      6123449.883139608
    ],
    [
      503673.16663484985,
      6123428.006178369
    ],
    [
      503495.37960001646,
      6122641.37027596
    ],
    [
      502342.52341207623,
      6122390.596739971
    ],
    [
      501028.1539999452,
      6123779.056526296
    ],
    [
      502795.5978560004,
      6124153.662231137
    ],
    [
      500993.6026464283,
      6123331.155691357
    ],
    [
      502031.6288979544,
      6124214.341141174
    ],
    [
      501236.020207022,
      6122428.901134126
    ],
    [
      502945.97002885607,
      6122439.07412658
    ],
    [
      500852.59088040807,
      6122302.495844042
    ],
    [
      501150.04215878056,
      6124212.942059224
    ],
    [
      501703.77264082624,
      6122465.117260281
    ],
    [
      503544.75842869637,
      6124031.571166494
    ]
  ]
}