{
  "site_id": "denmark",
  "timestamp": "2026-06-19T00:44:10Z",
  "layout_id": "L_26_06_19_00_43_N16_9187139919535445351",
  "N turbines": 16,
  "seed": 9187139919535445351,
  "PI": 1.2653894552055707,
  "AEP": 249.85823054598478,
  "efficiency": 95.97001510910069,
  "LCoE": 42.61367273775944,
  "capacity factor": 0.5289805092314692,
  "installed MW": 53.92,
  "initial_coordinates_m": [
    [
      500969.625486408,
      6122656.958208045
    ],
    [
      501448.42283479247,
      6124154.068752697
    ],
    [
      503709.6199946232,
      6122868.117963309
    ],
    [
      501191.648886996,
      6122184.477056012
    ],
    [
      500998.0208283205,
      6123767.404598636
    ],
    [
      503741.16310331103,
      6123140.229227163
    ],
    [
      503028.51470244926,
      6124014.846435234
    ],
    [
      502576.13209151354,
      6122881.052353208
    ],
    [
      502740.80839685287,
      6122452.68345544
    ],
    [
      503268.5969378177,
      6122587.30978577
    ],
    [
      503711.2745494046,
      6123887.392977269
    ],
    [
      502004.9017563843,
      6124152.410093098
    ],
    [
      501465.79607352166,
      6122232.029190053
    ],
    [
      500928.6990200778,
      6122381.743910295
    ],
    [
      502642.71773854474,
      6124150.508997549
    ],
    [
      501003.675886109,
      6123210.951939703
    ]
  ],
  "final_coordinates_m": [
    [
      501358.9242836247,
      6122914.482261013
    ],
    [
      501446.19105345145,
      6124163.0530760335
    ],
    [
      503736.3712964019,
      6122865.2264013495
    ],
    [
      501144.0945390599,
      6122157.903810395
    ],
    [
      500978.47504205944,
      6124101.027278634
    ],
    [
      503799.79994111374,
      6123409.1829027105
    ],
    [
      503314.77301018214,
      6124068.744684439
    ],
    [
      502580.8458697677,
      6122888.637694064
    ],
    [
      502749.3759753437,
      6122434.109167193
    ],
    [
      503289.5160751117,
      6122584.947345384
    ],
    [
      503734.0839945817,
      6124155.009762879
    ],
    [
      502114.05165080854,
      6124111.853567247
    ],
    [
      501714.3707521785,
      6122211.474869087
    ],
    [
      500895.54232913424,
      6122589.284274726
    ],
    [
      502643.2327968943,
      6124151.7232467765
    ],
    [
      501183.60424766387,
      6123465.969060274
    ]
  ]
}