{
  "site_id": "denmark",
  "timestamp": "2026-06-19T02:51:52Z",
  "layout_id": "L_26_06_19_02_51_N17_15615957522803894715",
  "N turbines": 17,
  "seed": 15615957522803894715,
  "PI": 1.273893918935188,
  "AEP": 264.07592474735077,
  "efficiency": 95.46447173879157,
  "LCoE": 42.39792499689632,
  "capacity factor": 0.5261939869082135,
  "installed MW": 57.29,
  "initial_coordinates_m": [
    [
      500908.0029096901,
      6122242.570754212
    ],
    [
      502152.72397503495,
      6122351.180103341
    ],
    [
      502142.5483410955,
      6123828.607952921
    ],
    [
      502396.49979969615,
      6124151.242882934
    ],
    [
      502636.9133052329,
      6122486.367767904
    ],
    [
      502986.442429377,
      6123896.707367163
    ],
    [
      502184.3076405387,
      6123553.51879239
    ],
    [
      500996.62117342657,
      6123904.934597159
    ],
    [
      500948.92937602027,
      6122517.785051961
    ],
    [
      503132.7755243588,
      6122527.800331799
    ],
    [
      501307.71988359216,
      6124154.488136597
    ],
    [
      502226.068062682,
      6123278.42980229
    ],
    [
      503624.85133827874,
      6122767.741371001
    ],
    [
      500999.4515596034,
      6123626.708296747
    ],
    [
      502100.7890416523,
      6124103.6971134525
    ],
    [
      502308.5629987765,
      6122728.097248058
    ],
    [
      503855.78148822056,
      6124129.001573197
    ]
  ],
  "final_coordinates_m": [
    [
      500842.8487369331,
      6122114.03665619
    ],
    [
      502115.11404440156,
      6122285.218960302
    ],
    [
      502127.0930339,
      6123818.7366156485
    ],
    [
      502698.2673570291,
      6124213.967415318
    ],
    [
      502628.6886767815,
      6122415.725188051
    ],
    [
      503276.5624110826,
      6124144.039922134
    ],
    [
      502161.629651687,
      6123524.161826559
    ],
    [
      500938.55364577443,
      6124172.218077934
    ],
    [
      501193.1401733258,
      6122487.352236975
    ],
    [
      503237.9238045751,
      6122501.602323052
    ],
    [
      501509.02539203176,
      6124217.512109508
    ],
    [
      502170.41019816126,
      6123256.335036037
    ],
    [
      503669.16613745695,
      6123000.627675013
    ],
    [
      500973.3006159692,
      6123596.134610763
    ],
    [
      502099.39775113977,
      6124212.731211083
    ],
    [
      502275.7689876334,
      6122938.99969009
    ],
    [
      503913.7774203847,
      6124178.938383129
    ]
  ]
}