{
  "site_id": "denmark",
  "timestamp": "2026-06-29T06:18:03Z",
  "layout_id": "L_26_06_28_19_25_N17_52412665257025284",
  "N turbines": 17,
  "seed": 52412665257025284,
  "PI": 1.2831445135052033,
  "IRR": "10.0488",
  "AEP": 265.3766788175346,
  "efficiency": 95.93469938370464,
  "LCoE": 42.23021830675948,
  "capacity factor": 0.5287858512397763,
  "installed MW": 57.29,
  "initial_coordinates_m": [
    [
      502483.8260800342,
      6124123.158776357
    ],
    [
      501891.24129610875,
      6124073.9976548385
    ],
    [
      503177.14970929164,
      6124175.942866835
    ],
    [
      501941.08286343224,
      6123418.306345082
    ],
    [
      501766.12053994957,
      6122221.395239563
    ],
    [
      502574.2411269834,
      6122822.486116031
    ],
    [
      502247.07965120894,
      6122310.526544788
    ],
    [
      500986.65461552085,
      6122307.696236343
    ],
    [
      503613.97791524924,
      6123079.2654834185
    ],
    [
      503925.7550969464,
      6124204.641175569
    ],
    [
      503564.7046075038,
      6123746.848516542
    ],
    [
      501006.4437162467,
      6123753.202600805
    ],
    [
      500925.6079356466,
      6122723.208741579
    ],
    [
      503016.0485604571,
      6122437.4053280335
    ],
    [
      500977.2618659003,
      6123267.208775452
    ],
    [
      500963.95214317203,
      6124199.56416526
    ],
    [
      502900.42597995116,
      6123147.91213347
    ]
  ],
  "final_coordinates_m": [
    [
      502541.88582134433,
      6124138.857570023
    ],
    [
      501912.6287046076,
      6124077.9097533235
    ],
    [
      503171.2696013917,
      6124180.560561037
    ],
    [
      501914.7987030898,
      6123440.158408954
    ],
    [
      501693.36153599044,
      6122247.364716236
    ],
    [
      502633.509431661,
      6122878.4463245645
    ],
    [
      502316.15644734586,
      6122336.131705119
    ],
    [
      500945.6277709996,
      6122237.602145136
    ],
    [
      503662.7563892941,
      6123059.758904975
    ],
    [
      503924.7526115226,
      6124206.737748727
    ],
    [
      503592.59915738495,
      6123722.832095924
    ],
    [
      500993.3164956588,
      6123746.494225138
    ],
    [
      500952.84808300284,
      6122732.630721563
    ],
    [
      503207.5594163228,
      6122487.502479723
    ],
    [
      500987.4110374453,
      6123265.873198927
    ],
    [
      500949.98235259595,
      6124208.538897173
    ],
    [
      502977.84947495285,
      6123263.378595649
    ]
  ]
}