{
  "site_id": "denmark",
  "timestamp": "2026-06-19T00:12:09Z",
  "layout_id": "L_26_06_19_00_11_N15_5003804555830075673",
  "N turbines": 15,
  "seed": 5003804555830075673,
  "PI": 1.2479282269999352,
  "AEP": 234.7328998668479,
  "efficiency": 96.171101604717,
  "LCoE": 43.00956981722986,
  "capacity factor": 0.5300888849749736,
  "installed MW": 50.550000000000004,
  "initial_coordinates_m": [
    [
      502937.84205448756,
      6122486.709842575
    ],
    [
      503202.39748564875,
      6122554.292548288
    ],
    [
      503764.1872733848,
      6123338.850614799
    ],
    [
      503276.99443107203,
      6124076.020837537
    ],
    [
      501198.19451313803,
      6122185.612426013
    ],
    [
      500998.0884349204,
      6123760.761578541
    ],
    [
      500968.64831297315,
      6122650.387103213
    ],
    [
      501998.2584217894,
      6124152.429894442
    ],
    [
      503795.7303820726,
      6123610.961878652
    ],
    [
      503691.3529387161,
      6122801.422328126
    ],
    [
      502294.78325924097,
      6122375.82096218
    ],
    [
      502481.4068815638,
      6123510.298616468
    ],
    [
      502287.24010587274,
      6122870.692291421
    ],
    [
      502961.4332998734,
      6123826.483345809
    ],
    [
      501441.77950019756,
      6124154.0885540405
    ]
  ],
  "final_coordinates_m": [
    [
      502944.0812494619,
      6122460.91586103
    ],
    [
      503196.61903442064,
      6122861.579384931
    ],
    [
      503823.61946781515,
      6123415.064445684
    ],
    [
      503284.410639994,
      6124135.760327768
    ],
    [
      501218.0591553843,
      6122181.486156552
    ],
    [
      500999.80788722803,
      6123812.967665783
    ],
    [
      500977.1347502932,
      6122917.018978339
    ],
    [
      502054.372302514,
      6124215.81431155
    ],
    [
      503900.94604978163,
      6124209.931169709
    ],
    [
      503754.9561259328,
      6122793.829505876
    ],
    [
      502271.00727987086,
      6122308.32068864
    ],
    [
      502393.066261393,
      6123746.392513086
    ],
    [
      502261.98856432794,
      6122873.817304016
    ],
    [
      502950.3993563984,
      6123803.762233496
    ],
    [
      501400.12426948186,
      6124192.211603897
    ]
  ]
}