{
  "site_id": "denmark",
  "timestamp": "2026-06-18T23:23:32Z",
  "layout_id": "L_26_06_18_23_23_N15_15666961655686707955",
  "N turbines": 15,
  "seed": 15666961655686707955,
  "PI": 1.2532817592735777,
  "AEP": 235.44294456453537,
  "efficiency": 96.46201004066239,
  "LCoE": 42.91276806725776,
  "capacity factor": 0.5316923534376096,
  "installed MW": 50.550000000000004,
  "initial_coordinates_m": [
    [
      502161.86222498753,
      6122352.7651762795
    ],
    [
      502654.64446905593,
      6124150.473448339
    ],
    [
      500906.6386925929,
      6122233.396933845
    ],
    [
      500947.5651589231,
      6122508.611231594
    ],
    [
      501002.37232975644,
      6123339.207735476
    ],
    [
      503639.6866453307,
      6123921.211804661
    ],
    [
      502480.0837181619,
      6123519.014615767
    ],
    [
      502792.74818037316,
      6123148.006347392
    ],
    [
      501613.56785193604,
      6122257.660908196
    ],
    [
      500999.5457499555,
      6123617.434074591
    ],
    [
      503812.8773616755,
      6124146.959471153
    ],
    [
      503781.82301863725,
      6123490.987963629
    ],
    [
      501298.44522434194,
      6124154.515780955
    ],
    [
      502818.8449158416,
      6122466.056668067
    ],
    [
      503088.1699458594,
      6122515.805707329
    ]
  ],
  "final_coordinates_m": [
    [
      502204.20047017443,
      6122345.028800678
    ],
    [
      502663.3538177598,
      6124198.360600471
    ],
    [
      500874.0957314595,
      6122166.87959057
    ],
    [
      500934.8320990262,
      6122773.129894841
    ],
    [
      501021.29832071636,
      6123343.397170291
    ],
    [
      503585.1883277667,
      6123923.466942277
    ],
    [
      502455.3812949579,
      6123753.770466076
    ],
    [
      502785.3268346301,
      6123160.128876934
    ],
    [
      501577.37985721347,
      6122222.248305605
    ],
    [
      500982.2027901372,
      6123856.192317785
    ],
    [
      503879.0994088914,
      6124210.425123694
    ],
    [
      503827.9167913584,
      6123421.340743616
    ],
    [
      501314.88242546876,
      6124216.20255278
    ],
    [
      502858.18231714173,
      6122408.24676487
    ],
    [
      503377.68257175694,
      6122757.875194575
    ]
  ]
}