{
  "site_id": "denmark",
  "timestamp": "2026-06-19T02:25:56Z",
  "layout_id": "L_26_06_19_02_25_N17_676677225426536695",
  "N turbines": 17,
  "seed": 676677225426536695,
  "PI": 1.2805191581790727,
  "AEP": 264.9415674240427,
  "efficiency": 95.77740492618462,
  "LCoE": 42.274061017094915,
  "capacity factor": 0.527918854374728,
  "installed MW": 57.29,
  "initial_coordinates_m": [
    [
      502466.35093970905,
      6123609.479186898
    ],
    [
      502098.410939364,
      6124119.362849489
    ],
    [
      503069.3290788021,
      6124129.4622850185
    ],
    [
      502223.6898717178,
      6123294.095524865
    ],
    [
      501894.1888811521,
      6122306.335961059
    ],
    [
      502265.07055045036,
      6123018.949318789
    ],
    [
      502348.8847943412,
      6122468.819959044
    ],
    [
      500946.5987017865,
      6122502.112189629
    ],
    [
      503727.1534109289,
      6123019.37255644
    ],
    [
      503821.2858680957,
      6123835.430335892
    ],
    [
      502977.430940304,
      6123871.403687521
    ],
    [
      500999.61247755936,
      6123610.863904633
    ],
    [
      500987.5251681167,
      6122777.326487379
    ],
    [
      502640.9574823884,
      6122459.813836798
    ],
    [
      501005.2672488883,
      6123054.411242779
    ],
    [
      500996.7824231647,
      6123889.090208417
    ],
    [
      502765.5150195753,
      6123081.076893008
    ]
  ],
  "final_coordinates_m": [
    [
      502483.8260800342,
      6124123.158776357
    ],
    [
      501891.24129610875,
      6124073.9976548385
    ],
    [
      503177.14970929164,
      6124175.942866835
    ],
    [
      501941.08286343224,
      6123418.306345082
    ],
    [
      501766.12053994957,
      6122221.395239563
    ],
    [
      502574.2411269834,
      6122822.486116031
    ],
    [
      502247.07965120894,
      6122310.526544788
    ],
    [
      500986.65461552085,
      6122307.696236343
    ],
    [
      503613.97791524924,
      6123079.2654834185
    ],
    [
      503925.7550969464,
      6124204.641175569
    ],
    [
      503564.7046075038,
      6123746.848516542
    ],
    [
      501006.4437162467,
      6123753.202600805
    ],
    [
      500925.6079356466,
      6122723.208741579
    ],
    [
      503016.0485604571,
      6122437.4053280335
    ],
    [
      500977.2618659003,
      6123267.208775452
    ],
    [
      500963.95214317203,
      6124199.56416526
    ],
    [
      502900.42597995116,
      6123147.91213347
    ]
  ]
}