{
  "site_id": "dietendorf",
  "timestamp": "2026-06-08T18:12:47Z",
  "layout_id": "L_26_06_08_18_12_N14_14509096927881832846",
  "N turbines": 14,
  "seed": 14509096927881832846,
  "PI": 1.3317323911223173,
  "AEP": 117.0470399543129,
  "efficiency": 93.62845182792542,
  "LCoE": 59.814817492322376,
  "capacity factor": 0.28320335399236796,
  "installed MW": 47.18,
  "initial_coordinates_m": [
    [
      626394.3730915309,
      5523431.271601844
    ],
    [
      625099.5572468784,
      5524997.320488145
    ],
    [
      625596.9145527316,
      5525071.0600435985
    ],
    [
      626904.3503821781,
      5524372.477575639
    ],
    [
      626819.5608268526,
      5523910.117729127
    ],
    [
      626484.0769518593,
      5524702.419842539
    ],
    [
      625670.9680252719,
      5523906.124567883
    ],
    [
      626255.519951961,
      5524834.993483285
    ],
    [
      626090.9185222673,
      5525053.952467865
    ],
    [
      625987.7070828008,
      5523160.838290145
    ],
    [
      625917.135001629,
      5523421.883557143
    ],
    [
      625200.2614771948,
      5524569.029007623
    ],
    [
      625826.8380953912,
      5523680.688927474
    ],
    [
      625333.7232159821,
      5524328.671185115
    ]
  ],
  "final_coordinates_m": [
    [
      626415.4381036857,
      5523420.504773641
    ],
    [
      625051.1353256343,
      5524998.224982536
    ],
    [
      625579.4209183997,
      5525095.43428336
    ],
    [
      626927.3857678896,
      5524382.370572119
    ],
    [
      626832.8064430046,
      5523891.660243533
    ],
    [
      626513.2892225254,
      5524662.927285903
    ],
    [
      625655.1586115296,
      5523923.301328448
    ],
    [
      626260.536592171,
      5524862.290925572
    ],
    [
      626042.9191456247,
      5525061.683860234
    ],
    [
      625998.8497077539,
      5523082.862605156
    ],
    [
      625896.3638330942,
      5523419.597301418
    ],
    [
      625181.1052567759,
      5524578.321325811
    ],
    [
      625835.5427066114,
      5523695.317831148
    ],
    [
      625350.7782814757,
      5524292.27334331
    ]
  ]
}