{
  "site_id": "dietendorf",
  "timestamp": "2026-06-09T11:37:21Z",
  "layout_id": "L_26_06_09_11_37_N17_9862658299208870291",
  "N turbines": 17,
  "seed": 9862658299208870291,
  "PI": 1.3337878648320352,
  "AEP": 139.47729884475052,
  "efficiency": 91.88191740739012,
  "LCoE": 59.7919041682764,
  "capacity factor": 0.27792051105197885,
  "installed MW": 57.29,
  "initial_coordinates_m": [
    [
      625349.5718705127,
      5524300.094539503
    ],
    [
      626832.398129802,
      5523940.1678236015
    ],
    [
      626957.2829784045,
      5524185.047922888
    ],
    [
      625488.1651199623,
      5524064.1719962
    ],
    [
      625565.226873016,
      5525079.01604393
    ],
    [
      625840.9765090824,
      5523651.235990749
    ],
    [
      625838.3052114726,
      5525061.156243857
    ],
    [
      626696.0762994046,
      5524594.693956655
    ],
    [
      625069.8521457234,
      5524983.71097124
    ],
    [
      626000.8729224912,
      5523130.940421818
    ],
    [
      625922.8159395967,
      5523389.704000063
    ],
    [
      626625.6854000229,
      5523597.120788693
    ],
    [
      625692.531935111,
      5523881.586359797
    ],
    [
      625216.147155228,
      5524540.472926688
    ],
    [
      626235.2011584636,
      5524860.5854968
    ],
    [
      626452.2084151208,
      5524709.644860952
    ],
    [
      625916.9199301226,
      5524339.819083851
    ]
  ],
  "final_coordinates_m": [
    [
      625339.9608199289,
      5524282.508147686
    ],
    [
      626852.4483042104,
      5523936.15343809
    ],
    [
      626961.8460763472,
      5524351.0654421905
    ],
    [
      625492.4192843854,
      5524062.261092117
    ],
    [
      625557.1597499383,
      5525089.108375386
    ],
    [
      625846.8718531866,
      5523649.819334018
    ],
    [
      626001.2357339716,
      5525074.838123859
    ],
    [
      626712.5656052872,
      5524570.554946602
    ],
    [
      625045.4676060257,
      5524995.569299541
    ],
    [
      626007.58830701,
      5523104.313912763
    ],
    [
      625921.9031920908,
      5523380.309963293
    ],
    [
      626632.5172978179,
      5523577.013672775
    ],
    [
      625675.708857452,
      5523870.21993996
    ],
    [
      625194.6452786808,
      5524536.650390431
    ],
    [
      626239.6795529834,
      5524888.210873106
    ],
    [
      626473.8409715916,
      5524723.504539833
    ],
    [
      626097.2152141241,
      5524334.127268294
    ]
  ]
}