{
  "site_id": "dietendorf",
  "timestamp": "2026-06-09T07:53:18Z",
  "layout_id": "L_26_06_09_07_53_N15_8272770663155870506",
  "N turbines": 15,
  "seed": 8272770663155870506,
  "PI": 1.335311529860133,
  "AEP": 124.7431641736909,
  "efficiency": 93.132431081621,
  "LCoE": 59.719046006071125,
  "capacity factor": 0.28170301156161426,
  "installed MW": 50.550000000000004,
  "initial_coordinates_m": [
    [
      626235.3399177822,
      5524860.41072607
    ],
    [
      626957.1807436349,
      5524184.849562085
    ],
    [
      626452.4260489307,
      5524709.595520492
    ],
    [
      625082.3869150376,
      5524780.920217432
    ],
    [
      625565.4413497964,
      5525078.954410603
    ],
    [
      626423.2787628171,
      5523446.024253985
    ],
    [
      626849.6082139524,
      5523753.6728339
    ],
    [
      625487.9818861615,
      5524064.299370965
    ],
    [
      626696.2109638597,
      5524594.516011605
    ],
    [
      626000.7857178589,
      5523131.14583435
    ],
    [
      626091.3057818552,
      5525085.393430835
    ],
    [
      625349.4636382742,
      5524300.289692619
    ],
    [
      625840.8819786814,
      5523651.438136636
    ],
    [
      625692.3881091115,
      5523881.756985229
    ],
    [
      625922.7772036016,
      5523389.923769212
    ]
  ],
  "final_coordinates_m": [
    [
      626247.7151871651,
      5524878.2278427025
    ],
    [
      626961.0742048653,
      5524343.682677679
    ],
    [
      626486.8635758539,
      5524710.692771552
    ],
    [
      625010.8176226977,
      5524958.5037953565
    ],
    [
      625584.6153735028,
      5525095.041571934
    ],
    [
      626447.0571732436,
      5523436.991977392
    ],
    [
      626871.312660902,
      5523753.889981278
    ],
    [
      625474.5194088724,
      5524087.221460011
    ],
    [
      626708.6671793646,
      5524554.464167124
    ],
    [
      626003.79219237,
      5523086.985533827
    ],
    [
      626084.2603331319,
      5525119.5073094275
    ],
    [
      625330.1146894466,
      5524468.330455107
    ],
    [
      625821.8266148753,
      5523652.103780958
    ],
    [
      625677.4717867203,
      5523869.681039179
    ],
    [
      625922.2813942861,
      5523360.810236896
    ]
  ]
}