{
  "site_id": "dietendorf",
  "timestamp": "2026-06-09T09:45:07Z",
  "layout_id": "L_26_06_09_09_44_N16_1207261997542727274",
  "N turbines": 16,
  "seed": 1207261997542727274,
  "PI": 1.3371703397224477,
  "AEP": 132.3127233007082,
  "efficiency": 92.60982604976861,
  "LCoE": 59.675509996682926,
  "capacity factor": 0.2801222581160069,
  "installed MW": 53.92,
  "initial_coordinates_m": [
    [
      625522.1917000635,
      5525093.371590131
    ],
    [
      625371.5783864398,
      5524260.414678628
    ],
    [
      625721.3005241366,
      5523846.513587201
    ],
    [
      626030.5913739166,
      5523134.7752214065
    ],
    [
      626879.0070240414,
      5523788.489699913
    ],
    [
      626206.8547864492,
      5524896.013516229
    ],
    [
      625238.205079828,
      5524500.821620725
    ],
    [
      626464.7021989136,
      5523465.0714416215
    ],
    [
      625792.937752342,
      5525060.411098572
    ],
    [
      626661.678468727,
      5524624.270135501
    ],
    [
      625525.2640195474,
      5524038.0584062245
    ],
    [
      626407.9576265158,
      5524719.677099491
    ],
    [
      625028.4516824832,
      5524965.142725611
    ],
    [
      626978.070048108,
      5524225.379992453
    ],
    [
      625859.3260157718,
      5523609.75414177
    ],
    [
      626230.3106076246,
      5523322.999216241
    ]
  ],
  "final_coordinates_m": [
    [
      625463.2996908776,
      5525100.06405524
    ],
    [
      625359.0285190477,
      5524249.628285276
    ],
    [
      625707.3282656432,
      5523831.459503964
    ],
    [
      625997.0699663309,
      5523093.179801334
    ],
    [
      626888.5234636988,
      5523767.67817009
    ],
    [
      626198.135713864,
      5524902.184684275
    ],
    [
      625213.9748849721,
      5524501.755854074
    ],
    [
      626465.3182398537,
      5523848.241485482
    ],
    [
      625971.0557053034,
      5525094.086631605
    ],
    [
      626680.2970186931,
      5524567.227626791
    ],
    [
      625528.3336440956,
      5524039.683722737
    ],
    [
      626436.157381525,
      5524723.96476218
    ],
    [
      625004.0950030449,
      5524974.8038167
    ],
    [
      626977.3050815035,
      5524273.236155853
    ],
    [
      625879.1696727119,
      5523591.606717267
    ],
    [
      626242.4330872946,
      5523340.19266972
    ]
  ]
}