{
  "site_id": "kitschenrain",
  "timestamp": "2026-06-16T03:59:27Z",
  "layout_id": "L_26_06_16_03_59_N15_13186461534395302595",
  "N turbines": 15,
  "seed": 13186461534395302595,
  "PI": 2.108195033934707,
  "AEP": 215.82375914423613,
  "efficiency": 96.45101722176841,
  "LCoE": 40.49183212200424,
  "capacity factor": 0.48738705098762053,
  "installed MW": 50.550000000000004,
  "initial_coordinates_m": [
    [
      687544.4726377868,
      5518675.9968941435
    ],
    [
      687954.3460066041,
      5517877.645398888
    ],
    [
      689376.2100688518,
      5517545.338202922
    ],
    [
      689804.580597284,
      5518785.773774402
    ],
    [
      687384.8750692636,
      5518144.319086807
    ],
    [
      690368.7533695066,
      5518262.586663455
    ],
    [
      689428.0573147685,
      5519758.375959746
    ],
    [
      687780.1352990133,
      5519099.52261515
    ],
    [
      689637.5695025114,
      5517636.166425118
    ],
    [
      688368.1613148173,
      5517475.963325404
    ],
    [
      688425.3434367744,
      5519579.527449239
    ],
    [
      689679.3195419117,
      5519032.465701471
    ],
    [
      688148.7120094919,
      5519584.242874753
    ],
    [
      689913.6439646588,
      5517654.285497781
    ],
    [
      688665.3231770453,
      5517331.232888116
    ]
  ],
  "final_coordinates_m": [
    [
      687567.0370744395,
      5518784.492383274
    ],
    [
      688028.0230177906,
      5518237.125185938
    ],
    [
      689210.5645116114,
      5517800.25330904
    ],
    [
      689951.541796184,
      5518600.137487252
    ],
    [
      687371.4009355761,
      5518151.041391412
    ],
    [
      690399.6720967739,
      5518247.507239026
    ],
    [
      689484.5990402796,
      5519682.59106468
    ],
    [
      687747.8427095911,
      5519131.421800255
    ],
    [
      689716.1496415278,
      5518068.029625875
    ],
    [
      688420.8108742054,
      5517740.851022441
    ],
    [
      688670.295205658,
      5519566.173288208
    ],
    [
      689682.027419121,
      5519102.466570889
    ],
    [
      687946.9945870163,
      5519646.041255242
    ],
    [
      690020.4958009099,
      5517616.034812675
    ],
    [
      688930.1906863373,
      5517321.03926807
    ]
  ]
}