{
  "site_id": "kitschenrain",
  "timestamp": "2026-06-16T07:45:16Z",
  "layout_id": "L_26_06_16_07_45_N16_9416708675063397324",
  "N turbines": 16,
  "seed": 9416708675063397324,
  "PI": 2.125858252156479,
  "AEP": 229.8982786597136,
  "efficiency": 96.31957454336042,
  "LCoE": 40.297407510704026,
  "capacity factor": 0.48672284379470016,
  "installed MW": 53.92,
  "initial_coordinates_m": [
    [
      688151.2482227518,
      5517739.359828669
    ],
    [
      688854.9554854148,
      5517291.880024821
    ],
    [
      688176.3950420303,
      5519580.33239085
    ],
    [
      687632.3094089096,
      5518968.613268605
    ],
    [
      689885.7493783801,
      5517656.154709911
    ],
    [
      687472.7118403865,
      5518436.935461268
    ],
    [
      690250.6897912315,
      5518422.639411786
    ],
    [
      690204.6773746063,
      5518026.635756431
    ],
    [
      687926.5058009295,
      5517875.08314982
    ],
    [
      687850.9470806144,
      5519306.640565188
    ],
    [
      689191.684443634,
      5519838.549811614
    ],
    [
      689543.7851917837,
      5519505.349847341
    ],
    [
      689094.6200359792,
      5517430.427824558
    ],
    [
      688389.9638493935,
      5517323.966664153
    ],
    [
      687552.5106246481,
      5518702.774364937
    ],
    [
      689688.7314197656,
      5519006.147613856
    ]
  ],
  "final_coordinates_m": [
    [
      688465.0189451012,
      5518299.727425708
    ],
    [
      688856.0034490485,
      5517256.452145703
    ],
    [
      688166.7214795502,
      5519609.904516524
    ],
    [
      687673.8285790622,
      5519003.134271322
    ],
    [
      689908.6311318683,
      5517633.561046525
    ],
    [
      687449.2600428178,
      5518342.448697897
    ],
    [
      690235.8692623099,
      5518461.202069719
    ],
    [
      690207.7672855045,
      5518006.63994139
    ],
    [
      687914.2843720585,
      5517827.73318064
    ],
    [
      687872.7599138714,
      5519313.55048197
    ],
    [
      689215.281425086,
      5519862.721435644
    ],
    [
      689501.635804774,
      5519467.347644622
    ],
    [
      689108.2490079713,
      5517960.201849546
    ],
    [
      688316.9312087389,
      5517284.977105663
    ],
    [
      687529.7808525311,
      5518685.815650723
    ],
    [
      689711.4213906665,
      5518987.450023317
    ]
  ]
}