{
  "site_id": "kitschenrain",
  "timestamp": "2026-06-24T16:58:58Z",
  "layout_id": "L_26_06_24_16_58_N17_13133973904230941829",
  "N turbines": 17,
  "seed": 13133973904230941829,
  "PI": 1.7392054610682939,
  "AEP": 242.96176439674213,
  "efficiency": 95.80492386737211,
  "LCoE": 40.211589196022366,
  "capacity factor": 0.48412220688610247,
  "installed MW": 57.29,
  "initial_coordinates_m": [
    [
      688117.0098554085,
      5517800.761237516
    ],
    [
      689336.5696421595,
      5517559.19721208
    ],
    [
      687710.5645710605,
      5519069.283981387
    ],
    [
      687541.4337178846,
      5518558.497175872
    ],
    [
      688635.8290464667,
      5517398.282059838
    ],
    [
      689104.9220422743,
      5519835.379781934
    ],
    [
      689365.1781061918,
      5519747.105137656
    ],
    [
      690337.8729633858,
      5518264.924041403
    ],
    [
      689593.4362738506,
      5519300.625076613
    ],
    [
      689646.9011496879,
      5519031.897984321
    ],
    [
      689946.7572161577,
      5518578.684194753
    ],
    [
      688366.3938206985,
      5519543.322940402
    ],
    [
      687444.1571155429,
      5518054.722710559
    ],
    [
      690040.4517416686,
      5517821.873983895
    ],
    [
      688093.0827300017,
      5519562.837469892
    ],
    [
      689767.3448096917,
      5518785.791818289
    ],
    [
      687640.9634252844,
      5517875.785224276
    ]
  ],
  "final_coordinates_m": [
    [
      688360.1158828329,
      5518093.611436674
    ],
    [
      689350.982636496,
      5517567.556979758
    ],
    [
      687709.4971904017,
      5519058.78176018
    ],
    [
      687594.033574126,
      5518654.523188148
    ],
    [
      688712.7801634035,
      5517359.18152015
    ],
    [
      689038.0364482508,
      5519923.066663436
    ],
    [
      689496.1839650843,
      5519747.212385334
    ],
    [
      690398.6952732931,
      5518236.813918594
    ],
    [
      689582.1435841236,
      5519391.887501394
    ],
    [
      689643.1367770451,
      5519094.060873734
    ],
    [
      690003.7323500396,
      5518510.316460035
    ],
    [
      688634.3829752007,
      5519486.898502103
    ],
    [
      687402.3403837789,
      5518307.738947495
    ],
    [
      690007.1791514867,
      5517794.140488932
    ],
    [
      688010.8841003139,
      5519549.888545015
    ],
    [
      689767.3109011948,
      5518805.031804653
    ],
    [
      687592.5498307587,
      5517821.708699145
    ]
  ]
}