{
  "site_id": "kitschenrain",
  "timestamp": "2026-06-16T11:48:23Z",
  "layout_id": "L_26_06_16_11_48_N17_5946616889464101426",
  "N turbines": 17,
  "seed": 5946616889464101426,
  "PI": 2.134049859190713,
  "AEP": 242.75541168649417,
  "efficiency": 95.72355466203966,
  "LCoE": 40.222313591568096,
  "capacity factor": 0.48371103136747623,
  "installed MW": 57.29,
  "initial_coordinates_m": [
    [
      687889.851597085,
      5519399.900681608
    ],
    [
      689032.6417412868,
      5519873.4799716445
    ],
    [
      687852.2317426059,
      5517806.141510395
    ],
    [
      689622.2985878569,
      5519448.63472266
    ],
    [
      688553.8073904212,
      5517372.102576241
    ],
    [
      689256.4017736056,
      5517491.553611507
    ],
    [
      690023.2482234162,
      5517693.055625708
    ],
    [
      687422.9376967282,
      5518271.119604503
    ],
    [
      687582.5352652513,
      5518802.7974118395
    ],
    [
      688280.4869202507,
      5519572.636255983
    ],
    [
      689641.0523853548,
      5519172.367882045
    ],
    [
      689000.4301725912,
      5517385.354891518
    ],
    [
      690324.367027399,
      5518151.436928525
    ],
    [
      688192.7156707196,
      5517643.904177647
    ],
    [
      689462.4643999222,
      5519656.810856216
    ],
    [
      690097.6503922873,
      5518503.083630877
    ],
    [
      689730.5522241341,
      5518910.502564425
    ]
  ],
  "final_coordinates_m": [
    [
      687925.3823478057,
      5519441.019515097
    ],
    [
      689032.0829488047,
      5519916.807797368
    ],
    [
      687919.1397075366,
      5518096.7086208705
    ],
    [
      689637.1734246379,
      5519443.175162639
    ],
    [
      688500.3636329048,
      5517334.990363054
    ],
    [
      689221.1202258803,
      5517990.86374213
    ],
    [
      690045.0902451092,
      5517660.456482017
    ],
    [
      687393.7032289061,
      5518281.104877665
    ],
    [
      687578.7678541862,
      5518808.491463895
    ],
    [
      688546.2059083577,
      5519555.058658578
    ],
    [
      689668.9742296957,
      5519140.976391772
    ],
    [
      689000.2971066827,
      5517591.745476742
    ],
    [
      690331.035138883,
      5518116.289575722
    ],
    [
      688195.5682981458,
      5517663.497505883
    ],
    [
      689445.6922095713,
      5519715.271739323
    ],
    [
      690046.3480997457,
      5518479.022036793
    ],
    [
      689776.8435230437,
      5518821.023691729
    ]
  ]
}