{
  "site_id": "kitschenrain",
  "timestamp": "2026-06-24T17:35:43Z",
  "layout_id": "L_26_06_24_17_35_N17_8174955211445674959",
  "N turbines": 17,
  "seed": 8174955211445674959,
  "PI": 1.7393749196658697,
  "AEP": 242.87235447977906,
  "efficiency": 95.76966766025284,
  "LCoE": 40.20842870722779,
  "capacity factor": 0.4839440499385468,
  "installed MW": 57.29,
  "initial_coordinates_m": [
    [
      687426.1399881528,
      5518174.411641295
    ],
    [
      689613.5871768943,
      5519153.523605764
    ],
    [
      688240.2769026972,
      5519543.21761189
    ],
    [
      690272.7110904627,
      5518145.865496706
    ],
    [
      688730.5933425976,
      5517314.942375192
    ],
    [
      689435.120836576,
      5519639.80389491
    ],
    [
      689590.4830359386,
      5519426.7280461015
    ],
    [
      687584.1630521817,
      5518700.844198939
    ],
    [
      688181.8511217526,
      5517707.78704592
    ],
    [
      688386.6087558651,
      5517445.3548423005
    ],
    [
      688513.7076224386,
      5519562.03192691
    ],
    [
      688773.2095850297,
      5519650.222493709
    ],
    [
      689987.587337288,
      5517683.105986273
    ],
    [
      689450.7121661337,
      5517612.8222408565
    ],
    [
      687663.1745841962,
      5518964.060477762
    ],
    [
      687505.1515201672,
      5518437.627920117
    ],
    [
      689857.5329042345,
      5518667.820261283
    ]
  ],
  "final_coordinates_m": [
    [
      687402.4235380283,
      5518008.458952651
    ],
    [
      689612.2935381997,
      5519009.895843104
    ],
    [
      688058.2345514708,
      5519497.803016381
    ],
    [
      690332.001918159,
      5518152.909712077
    ],
    [
      688816.8489518942,
      5517253.493977651
    ],
    [
      689383.1242846388,
      5519636.611559788
    ],
    [
      689622.9667418464,
      5519336.774570796
    ],
    [
      687671.0413886682,
      5518647.425900447
    ],
    [
      688028.7139242288,
      5517961.9484587405
    ],
    [
      688334.8256648091,
      5517613.811224922
    ],
    [
      688601.145663819,
      5519478.256379501
    ],
    [
      689079.5250096889,
      5519909.104586501
    ],
    [
      690045.9102339868,
      5517708.615188887
    ],
    [
      689449.7999791617,
      5517607.874053788
    ],
    [
      687836.2477581118,
      5519124.857195443
    ],
    [
      687500.5671019338,
      5518349.866179233
    ],
    [
      690020.3372628463,
      5518564.280589714
    ]
  ]
}