{
  "site_id": "kitschenrain",
  "timestamp": "2026-06-15T15:17:39Z",
  "layout_id": "L_26_06_15_15_17_N14_5379002638007847187",
  "N turbines": 14,
  "seed": 5379002638007847187,
  "PI": 2.0967116724670607,
  "AEP": 202.39898168189586,
  "efficiency": 96.91234584151674,
  "LCoE": 40.61055810524089,
  "capacity factor": 0.4897182404555174,
  "installed MW": 47.18,
  "initial_coordinates_m": [
    [
      687458.4528478526,
      5518389.433547828
    ],
    [
      689672.3446485825,
      5519052.948726092
    ],
    [
      688895.0598931363,
      5517321.038632015
    ],
    [
      687618.0504163757,
      5518921.111355165
    ],
    [
      689658.8146099995,
      5517640.271159266
    ],
    [
      687549.5782306001,
      5517953.301524147
    ],
    [
      688673.1733422864,
      5519640.485293241
    ],
    [
      687871.6535576197,
      5519262.733262921
    ],
    [
      688436.5154022536,
      5517341.009575792
    ],
    [
      688915.9038764738,
      5519773.263628808
    ],
    [
      690081.3671979291,
      5517835.507611006
    ],
    [
      689140.0342028402,
      5517450.351293703
    ],
    [
      689792.4904245604,
      5518803.719001014
    ],
    [
      687975.9043887603,
      5517879.399941254
    ]
  ],
  "final_coordinates_m": [
    [
      687470.105367029,
      5518534.3473999435
    ],
    [
      689650.5858478176,
      5519115.669526103
    ],
    [
      688773.0834844906,
      5517206.963470805
    ],
    [
      687734.9946904033,
      5518968.79039067
    ],
    [
      690013.1070521811,
      5517629.240853876
    ],
    [
      687545.7302896383,
      5517955.185114638
    ],
    [
      688695.3898212112,
      5519588.049812582
    ],
    [
      687965.4974819456,
      5519506.8067627875
    ],
    [
      688414.8877966944,
      5517607.110496306
    ],
    [
      689041.6550187761,
      5519922.020057185
    ],
    [
      690226.1856819148,
      5518104.097672008
    ],
    [
      689143.9169690005,
      5518108.500601423
    ],
    [
      689825.5274777857,
      5518674.868492992
    ],
    [
      688256.3359443314,
      5518390.437223453
    ]
  ]
}