{
  "site_id": "kitschenrain",
  "timestamp": "2026-06-16T11:09:00Z",
  "layout_id": "L_26_06_16_11_08_N17_150283339090572666",
  "N turbines": 17,
  "seed": 150283339090572666,
  "PI": 2.138162711674915,
  "AEP": 243.5039214849677,
  "efficiency": 96.01870778802551,
  "LCoE": 40.16938262669446,
  "capacity factor": 0.48520250150234545,
  "installed MW": 57.29,
  "initial_coordinates_m": [
    [
      688541.1679861144,
      5519599.899641652
    ],
    [
      687658.1069031478,
      5519054.554146641
    ],
    [
      690085.203171484,
      5518510.906249833
    ],
    [
      690027.7711252661,
      5517707.045608025
    ],
    [
      689022.3254743521,
      5519863.003766085
    ],
    [
      687578.3081188862,
      5518788.715242973
    ],
    [
      689638.5735495571,
      5519186.860349726
    ],
    [
      687431.9243813076,
      5518025.925063159
    ],
    [
      689876.7438039448,
      5518692.901727893
    ],
    [
      689013.5638264791,
      5517391.95919784
    ],
    [
      689724.2090374408,
      5518923.763419443
    ],
    [
      688207.3702538752,
      5517642.712775562
    ],
    [
      687993.2130917439,
      5519620.571680998
    ],
    [
      689523.7932355031,
      5517606.37386226
    ],
    [
      688315.6236556225,
      5517332.361611318
    ],
    [
      687628.3335996306,
      5517846.682264864
    ],
    [
      690335.27978941,
      5518161.290246326
    ]
  ],
  "final_coordinates_m": [
    [
      688775.7138962287,
      5519654.949922221
    ],
    [
      688315.8169389226,
      5519078.103733283
    ],
    [
      690182.7159722529,
      5518443.222433296
    ],
    [
      690015.6793944814,
      5517708.211883016
    ],
    [
      689033.9906025034,
      5519917.901449715
    ],
    [
      687595.1272975904,
      5518792.72861293
    ],
    [
      689619.5621064208,
      5519479.513745281
    ],
    [
      687399.2512804584,
      5518273.9950694125
    ],
    [
      689898.7530972558,
      5518713.283312934
    ],
    [
      689002.0813976977,
      5517419.31856921
    ],
    [
      689701.1010343928,
      5519029.848092305
    ],
    [
      688465.0493966765,
      5518173.952170529
    ],
    [
      687956.2201754957,
      5519625.665926307
    ],
    [
      689461.3496630889,
      5518118.456403296
    ],
    [
      688293.5814601042,
      5517306.002754631
    ],
    [
      687662.1815960729,
      5517831.81647268
    ],
    [
      690355.9440450487,
      5518138.838489882
    ]
  ]
}