{
  "site_id": "kitschenrain",
  "timestamp": "2026-06-15T14:51:26Z",
  "layout_id": "L_26_06_15_14_51_N14_15241039521007531860",
  "N turbines": 14,
  "seed": 15241039521007531860,
  "PI": 2.0951516565824067,
  "AEP": 202.05009374414098,
  "efficiency": 96.74529189587598,
  "LCoE": 40.63259765286042,
  "capacity factor": 0.4888740821224384,
  "installed MW": 47.18,
  "initial_coordinates_m": [
    [
      689370.5993052097,
      5517542.623132207
    ],
    [
      688660.6425484525,
      5517335.349228623
    ],
    [
      687546.2646997656,
      5518681.966907298
    ],
    [
      690230.6459606248,
      5518431.018140625
    ],
    [
      688371.1518888335,
      5517481.432238481
    ],
    [
      689808.0633683978,
      5518780.60435968
    ],
    [
      688154.8839168272,
      5519583.3710358655
    ],
    [
      689624.5775265421,
      5519297.35796242
    ],
    [
      687626.0634840272,
      5518947.8058109665
    ],
    [
      687529.078304195,
      5517971.434823216
    ],
    [
      688938.3004492809,
      5519789.852683942
    ],
    [
      688152.7735045402,
      5517718.151772766
    ],
    [
      687466.465915504,
      5518416.128003629
    ],
    [
      690218.333073461,
      5518043.532021102
    ]
  ],
  "final_coordinates_m": [
    [
      689362.7351353447,
      5517781.932071814
    ],
    [
      688815.1514878063,
      5517219.03827087
    ],
    [
      687566.8814500982,
      5518830.163739923
    ],
    [
      690234.9778522615,
      5518452.739346264
    ],
    [
      688407.3342586452,
      5517522.353575095
    ],
    [
      689825.2623084171,
      5518807.307514878
    ],
    [
      688469.258067956,
      5519599.527644143
    ],
    [
      689526.8923780638,
      5519386.049685017
    ],
    [
      687946.9127403715,
      5519202.199496847
    ],
    [
      687480.7247536981,
      5517962.334871632
    ],
    [
      689195.5192745537,
      5519800.921536698
    ],
    [
      688116.8798260014,
      5518190.7602830995
    ],
    [
      687449.4873283451,
      5518395.026240261
    ],
    [
      690185.1307284764,
      5517996.400368004
    ]
  ]
}