{
  "site_id": "kitschenrain",
  "timestamp": "2026-06-30T04:09:35Z",
  "layout_id": "L_26_06_29_07_58_N17_16177344846063077645",
  "N turbines": 17,
  "seed": 16177344846063077645,
  "PI": 1.74907935440398,
  "IRR": "17.0113",
  "AEP": 244.185043793017,
  "efficiency": 96.2872886119632,
  "LCoE": 40.09127936365589,
  "capacity factor": 0.4865596962681594,
  "installed MW": 57.29,
  "initial_coordinates_m": [
    [
      690051.7952600801,
      5517694.53226694
    ],
    [
      689633.5656586317,
      5519297.027545621
    ],
    [
      688716.0352940073,
      5519485.348000256
    ],
    [
      687894.0844526875,
      5519225.482135903
    ],
    [
      688752.1061683479,
      5517231.802608333
    ],
    [
      690013.6454356408,
      5518553.122148618
    ],
    [
      690325.0358838255,
      5518190.236245325
    ],
    [
      689476.8405757607,
      5519774.328754222
    ],
    [
      687356.3124181015,
      5518116.329389298
    ],
    [
      688974.5691106169,
      5518021.065288796
    ],
    [
      688388.5376723437,
      5517897.552905944
    ],
    [
      687642.5309847427,
      5518914.856763284
    ],
    [
      689330.0977417773,
      5517484.654025151
    ],
    [
      688124.3699498953,
      5519615.544562099
    ],
    [
      688909.0587358348,
      5519806.560192115
    ],
    [
      689712.1378998301,
      5518924.116727719
    ],
    [
      687534.1083371454,
      5518592.55484945
    ]
  ],
  "final_coordinates_m": [
    [
      690039.6457585691,
      5517656.278549719
    ],
    [
      689596.2271290782,
      5519260.912458115
    ],
    [
      688681.1868444099,
      5519358.581193605
    ],
    [
      687833.7539890303,
      5519285.7843909785
    ],
    [
      688759.2533676676,
      5517215.1081242245
    ],
    [
      690078.1607564085,
      5518495.215162796
    ],
    [
      690333.1593977152,
      5518150.316282817
    ],
    [
      689509.5244145853,
      5519763.269528071
    ],
    [
      687346.5243443617,
      5518053.361125331
    ],
    [
      688768.3863680242,
      5518174.736862397
    ],
    [
      688259.3897280882,
      5517718.582159587
    ],
    [
      687634.4912176982,
      5518884.513982536
    ],
    [
      689304.304469127,
      5517479.445617239
    ],
    [
      687955.1782855269,
      5519665.150077443
    ],
    [
      689038.0538902811,
      5519923.2356803
    ],
    [
      689772.3385029002,
      5518847.689123131
    ],
    [
      687474.6803884285,
      5518475.146495381
    ]
  ]
}