{
  "site_id": "kitschenrain",
  "timestamp": "2026-06-16T07:25:52Z",
  "layout_id": "L_26_06_16_07_25_N16_11562859126347429730",
  "N turbines": 16,
  "seed": 11562859126347429730,
  "PI": 2.130398325992601,
  "AEP": 230.2138434038827,
  "efficiency": 96.45178545888552,
  "LCoE": 40.24368789752237,
  "capacity factor": 0.48739093304955994,
  "installed MW": 53.92,
  "initial_coordinates_m": [
    [
      687798.1424717758,
      5519097.275213564
    ],
    [
      688306.5209909612,
      5517641.363047722
    ],
    [
      689814.8542392969,
      5518770.808732037
    ],
    [
      689182.4011231433,
      5519841.698563661
    ],
    [
      689360.1314625029,
      5517536.918303916
    ],
    [
      688443.370217973,
      5519581.681957454
    ],
    [
      688166.6886161921,
      5519581.703513105
    ],
    [
      687390.0947188186,
      5518161.707646395
    ],
    [
      690368.8247493616,
      5518244.431728838
    ],
    [
      688399.2307777905,
      5517327.1633369345
    ],
    [
      687469.8935030801,
      5518427.546550063
    ],
    [
      687549.6922873417,
      5518693.385453732
    ],
    [
      688862.6410612906,
      5517297.964973649
    ],
    [
      689685.1717305734,
      5519015.279700369
    ],
    [
      687936.2672926451,
      5517875.982014501
    ],
    [
      690064.3260240483,
      5517799.562571578
    ]
  ],
  "final_coordinates_m": [
    [
      687807.8872943156,
      5519104.378471614
    ],
    [
      688868.1099135679,
      5518226.179274406
    ],
    [
      689858.1745267115,
      5518753.087364484
    ],
    [
      689135.8991146652,
      5519881.9952103635
    ],
    [
      689392.2507951797,
      5517532.95789613
    ],
    [
      688776.438558989,
      5519515.082788115
    ],
    [
      688078.7145937708,
      5519628.565998991
    ],
    [
      687334.8135501546,
      5518055.675015795
    ],
    [
      690394.7058550984,
      5518224.171461459
    ],
    [
      688327.2458429227,
      5517278.017061856
    ],
    [
      687442.5343692537,
      5518419.4152829265
    ],
    [
      687588.407368928,
      5518733.343939646
    ],
    [
      688891.6472733617,
      5517281.17945627
    ],
    [
      689657.8681067248,
      5519263.7679335885
    ],
    [
      688144.8024886424,
      5517819.431696832
    ],
    [
      690092.2732338812,
      5517798.547603992
    ]
  ]
}