{
  "site_id": "kitschenrain",
  "timestamp": "2026-06-24T17:14:54Z",
  "layout_id": "L_26_06_24_17_14_N17_16056773089536235477",
  "N turbines": 17,
  "seed": 16056773089536235477,
  "PI": 1.740268437804228,
  "AEP": 243.1602601283054,
  "efficiency": 95.88319490107831,
  "LCoE": 40.199088320672125,
  "capacity factor": 0.48451772669910875,
  "installed MW": 57.29,
  "initial_coordinates_m": [
    [
      689783.926460801,
      5517686.195509383
    ],
    [
      689601.5754849724,
      5519220.304673256
    ],
    [
      688446.7582588196,
      5519550.996204716
    ],
    [
      687915.3674322836,
      5519247.658064464
    ],
    [
      688781.5545316788,
      5517271.377945528
    ],
    [
      690009.0973146798,
      5518527.392391623
    ],
    [
      690322.8313827122,
      5518191.617101609
    ],
    [
      689417.8493963667,
      5519705.3996836515
    ],
    [
      687406.6282405863,
      5518109.410881826
    ],
    [
      689009.0190138997,
      5517424.128235825
    ],
    [
      688459.3562315789,
      5517630.877150872
    ],
    [
      687643.6628366298,
      5518899.059718292
    ],
    [
      689263.9270688648,
      5517525.49229572
    ],
    [
      688172.7320269981,
      5519549.6723668715
    ],
    [
      688948.7686938574,
      5519759.189394607
    ],
    [
      689675.4203583677,
      5518956.372895879
    ],
    [
      687564.6513046153,
      5518635.84343947
    ]
  ],
  "final_coordinates_m": [
    [
      690051.7952600801,
      5517694.53226694
    ],
    [
      689633.5656586317,
      5519297.027545621
    ],
    [
      688716.0352940073,
      5519485.348000256
    ],
    [
      687894.0844526875,
      5519225.482135903
    ],
    [
      688752.1061683479,
      5517231.802608333
    ],
    [
      690013.6454356408,
      5518553.122148618
    ],
    [
      690325.0358838255,
      5518190.236245325
    ],
    [
      689476.8405757607,
      5519774.328754222
    ],
    [
      687356.3124181015,
      5518116.329389298
    ],
    [
      688974.5691106169,
      5518021.065288796
    ],
    [
      688388.5376723437,
      5517897.552905944
    ],
    [
      687642.5309847427,
      5518914.856763284
    ],
    [
      689330.0977417773,
      5517484.654025151
    ],
    [
      688124.3699498953,
      5519615.544562099
    ],
    [
      688909.0587358348,
      5519806.560192115
    ],
    [
      689712.1378998301,
      5518924.116727719
    ],
    [
      687534.1083371454,
      5518592.55484945
    ]
  ]
}