{
  "site_id": "kitschenrain",
  "timestamp": "2026-06-16T11:26:27Z",
  "layout_id": "L_26_06_16_11_26_N17_5700827294531429835",
  "N turbines": 17,
  "seed": 5700827294531429835,
  "PI": 2.1350043093739575,
  "AEP": 242.89819215658366,
  "efficiency": 95.77985599859208,
  "LCoE": 40.21033194055691,
  "capacity factor": 0.48399553373126003,
  "installed MW": 57.29,
  "initial_coordinates_m": [
    [
      689911.8466121119,
      5518654.836983553
    ],
    [
      687388.1898428329,
      5518053.65947268
    ],
    [
      688317.5600439351,
      5519572.517540676
    ],
    [
      688427.360640547,
      5517626.336194465
    ],
    [
      687513.3983227357,
      5518572.476998172
    ],
    [
      688517.2843292741,
      5517371.695423917
    ],
    [
      687672.9958912588,
      5519104.154805508
    ],
    [
      688591.2408900665,
      5519613.05448846
    ],
    [
      690297.0265695112,
      5518126.385805969
    ],
    [
      689620.7903983565,
      5519411.581763502
    ],
    [
      688042.9380786252,
      5519606.149727593
    ],
    [
      687838.4072887037,
      5517837.9690939775
    ],
    [
      689649.157816614,
      5519136.181648556
    ],
    [
      690122.8902947928,
      5517911.295177369
    ],
    [
      689325.7016368321,
      5519793.093348934
    ],
    [
      689220.9879202488,
      5517480.549203675
    ],
    [
      688968.0713370239,
      5517367.240152711
    ]
  ],
  "final_coordinates_m": [
    [
      689945.2116117625,
      5518582.943056764
    ],
    [
      687693.4252862518,
      5518171.90007961
    ],
    [
      688411.8510587462,
      5519498.889523297
    ],
    [
      688541.2237371467,
      5518315.155176452
    ],
    [
      687660.7364142935,
      5518635.636397097
    ],
    [
      688372.1294928886,
      5517340.888287373
    ],
    [
      687767.3678820524,
      5519024.699873486
    ],
    [
      688822.541373405,
      5519638.649995135
    ],
    [
      690223.7362595206,
      5518215.1339160325
    ],
    [
      689601.9102157847,
      5519416.138905945
    ],
    [
      687947.889887824,
      5519647.875904113
    ],
    [
      687586.3792931447,
      5517836.937059573
    ],
    [
      689636.417454101,
      5518991.511794218
    ],
    [
      690068.1039104814,
      5517727.916429206
    ],
    [
      689329.9568319648,
      5519824.24748226
    ],
    [
      689215.4576193616,
      5517848.839901068
    ],
    [
      689112.6137035283,
      5517427.1411484955
    ]
  ]
}