{
  "site_id": "kitschenrain",
  "timestamp": "2026-06-15T15:00:43Z",
  "layout_id": "L_26_06_15_15_00_N14_14739545316766370325",
  "N turbines": 14,
  "seed": 14739545316766370325,
  "PI": 2.0939199727697835,
  "AEP": 202.06930082393814,
  "efficiency": 96.75448859807496,
  "LCoE": 40.64646092785356,
  "capacity factor": 0.4889205549714833,
  "installed MW": 47.18,
  "initial_coordinates_m": [
    [
      687893.4882532691,
      5519147.176153206
    ],
    [
      690351.6666337653,
      5518385.960724947
    ],
    [
      687423.820650968,
      5518274.06104765
    ],
    [
      689034.7965736118,
      5519875.668211492
    ],
    [
      688311.6365630778,
      5517349.682684819
    ],
    [
      687503.6194352296,
      5518539.899951318
    ],
    [
      689506.9723635631,
      5517600.646820097
    ],
    [
      688434.5185356025,
      5517593.565834528
    ],
    [
      689641.6575815277,
      5519169.357499655
    ],
    [
      689253.4689958814,
      5517490.642287855
    ],
    [
      689778.2908723518,
      5517655.032048231
    ],
    [
      690141.269459813,
      5517939.9118384095
    ],
    [
      688815.0521512158,
      5519707.54709925
    ],
    [
      688010.2146687657,
      5519615.388740426
    ]
  ],
  "final_coordinates_m": [
    [
      687870.3699558068,
      5519144.21223795
    ],
    [
      690356.5523059167,
      5518416.718046927
    ],
    [
      687409.153904099,
      5518254.3527234355
    ],
    [
      689078.6140614743,
      5519909.499886894
    ],
    [
      688321.2193157739,
      5517315.207960258
    ],
    [
      687736.0179079237,
      5518757.498184814
    ],
    [
      689471.9809369941,
      5517911.088407074
    ],
    [
      688402.0493124311,
      5518106.888029008
    ],
    [
      689657.414778147,
      5519157.414280572
    ],
    [
      689235.3008856437,
      5517454.557663436
    ],
    [
      690034.5014070118,
      5517620.88548235
    ],
    [
      690135.851469844,
      5518161.102176163
    ],
    [
      688819.8630757224,
      5519666.851120717
    ],
    [
      687981.3634477824,
      5519607.410194346
    ]
  ]
}