{
  "site_id": "kitschenrain",
  "timestamp": "2026-06-16T03:44:25Z",
  "layout_id": "L_26_06_16_03_44_N15_16161112696522781419",
  "N turbines": 15,
  "seed": 16161112696522781419,
  "PI": 2.1130028156113347,
  "AEP": 215.80468022336566,
  "efficiency": 96.44249090690508,
  "LCoE": 40.437880415986704,
  "capacity factor": 0.4873439657452174,
  "installed MW": 50.550000000000004,
  "initial_coordinates_m": [
    [
      687577.9468210426,
      5518787.511627861
    ],
    [
      690151.6167620603,
      5517955.883730779
    ],
    [
      687498.148036781,
      5518521.672724192
    ],
    [
      689618.6957568176,
      5519461.40921903
    ],
    [
      687657.7456053041,
      5519053.35053153
    ],
    [
      690333.4293878354,
      5518391.398635444
    ],
    [
      689275.4687240535,
      5519810.13153986
    ],
    [
      687992.0110345653,
      5519620.938128823
    ],
    [
      689875.935443331,
      5518693.863901779
    ],
    [
      689638.3616813248,
      5519188.099033431
    ],
    [
      687418.3492525194,
      5518255.833820524
    ],
    [
      689014.6914124674,
      5517392.513972847
    ],
    [
      688264.5380129609,
      5519573.220523359
    ],
    [
      687861.9365364005,
      5517818.747420412
    ],
    [
      690028.1577015859,
      5517708.241343874
    ]
  ],
  "final_coordinates_m": [
    [
      687650.1292725127,
      5518797.806300525
    ],
    [
      690200.7569245317,
      5518001.2721710615
    ],
    [
      687475.7421305623,
      5518503.409887148
    ],
    [
      689598.8914008989,
      5519476.693597043
    ],
    [
      687938.6881886824,
      5519085.200015258
    ],
    [
      690360.78806815,
      5518367.383203262
    ],
    [
      689305.6490428714,
      5519832.4932960775
    ],
    [
      687946.560888874,
      5519638.443573956
    ],
    [
      689873.5138317895,
      5518710.705372969
    ],
    [
      689653.5072726111,
      5519139.307727281
    ],
    [
      687371.5130887657,
      5518174.527026824
    ],
    [
      689002.6945194958,
      5517351.4541974915
    ],
    [
      688574.9969477309,
      5519591.903431452
    ],
    [
      688137.8833279533,
      5517776.755609598
    ],
    [
      690026.9263654706,
      5517636.670696716
    ]
  ]
}