{
  "site_id": "kitschenrain",
  "timestamp": "2026-06-16T07:04:04Z",
  "layout_id": "L_26_06_16_07_03_N16_8303597916081653909",
  "N turbines": 16,
  "seed": 8303597916081653909,
  "PI": 2.1317535251951387,
  "AEP": 230.0524782159639,
  "efficiency": 96.38417892291206,
  "LCoE": 40.230455140358984,
  "capacity factor": 0.4870493031617192,
  "installed MW": 53.92,
  "initial_coordinates_m": [
    [
      689707.228607504,
      5518960.393934518
    ],
    [
      687858.5266759534,
      5519354.710589991
    ],
    [
      688405.9146491361,
      5517543.39961243
    ],
    [
      687566.7001998259,
      5518750.045023804
    ],
    [
      688816.4612633254,
      5517261.003046782
    ],
    [
      687975.0634461567,
      5519602.720858719
    ],
    [
      687466.376147035,
      5518004.911368694
    ],
    [
      688112.2647298983,
      5517768.069325229
    ],
    [
      690366.2208191085,
      5518187.212712089
    ],
    [
      689836.4019146558,
      5517656.983599171
    ],
    [
      689049.7913520965,
      5517409.783227215
    ],
    [
      689850.7724765709,
      5518723.814828513
    ],
    [
      689582.5244455225,
      5519475.804216471
    ],
    [
      687486.9014155644,
      5518484.206120135
    ],
    [
      688992.6513253043,
      5519835.6301311115
    ],
    [
      688763.7906479202,
      5519680.119510291
    ]
  ],
  "final_coordinates_m": [
    [
      689700.2186118882,
      5518975.377960952
    ],
    [
      687821.6218147749,
      5519303.847534711
    ],
    [
      688390.620796144,
      5517552.357795642
    ],
    [
      687572.7555265466,
      5518787.062966671
    ],
    [
      688792.1612340717,
      5517198.674167016
    ],
    [
      687995.9493758916,
      5519649.174112929
    ],
    [
      687406.5666908831,
      5518005.819473628
    ],
    [
      688119.2764406796,
      5517983.259007988
    ],
    [
      690398.6641857579,
      5518186.332590316
    ],
    [
      689942.060850512,
      5517651.816218596
    ],
    [
      689080.2282275355,
      5517973.934306302
    ],
    [
      689894.2772197928,
      5518672.103297879
    ],
    [
      689594.7609490477,
      5519432.48801276
    ],
    [
      687478.9263495029,
      5518436.6049320875
    ],
    [
      689257.3048639392,
      5519848.774360167
    ],
    [
      688731.5344059705,
      5519654.013213615
    ]
  ]
}