{
  "site_id": "kitschenrain",
  "timestamp": "2026-06-15T23:05:00Z",
  "layout_id": "L_26_06_15_23_04_N15_6412178343787479600",
  "N turbines": 15,
  "seed": 6412178343787479600,
  "PI": 2.114746222418557,
  "AEP": 216.13896018209633,
  "efficiency": 96.59187965902515,
  "LCoE": 40.41447894348951,
  "capacity factor": 0.48809885818123094,
  "installed MW": 50.550000000000004,
  "initial_coordinates_m": [
    [
      689637.0193338256,
      5519195.947043277
    ],
    [
      687655.4565067857,
      5519045.724708077
    ],
    [
      689720.3319540896,
      5518932.127139365
    ],
    [
      689267.928663063,
      5519812.689006501
    ],
    [
      687416.0601540009,
      5518248.207997072
    ],
    [
      690077.6333381882,
      5518516.167543411
    ],
    [
      688793.0953552051,
      5517240.393734865
    ],
    [
      689021.8355331998,
      5517396.028897359
    ],
    [
      688532.1769208637,
      5519597.863878428
    ],
    [
      687867.4998937825,
      5517824.443226764
    ],
    [
      687575.6577225241,
      5518779.885804408
    ],
    [
      690325.9027283778,
      5518393.991411348
    ],
    [
      690156.1362951258,
      5517962.436039256
    ],
    [
      687984.3950818119,
      5519623.259856418
    ],
    [
      689805.2628597263,
      5517656.055078079
    ]
  ],
  "final_coordinates_m": [
    [
      689511.4955168173,
      5519456.799897104
    ],
    [
      687844.1047603076,
      5519064.059708243
    ],
    [
      689740.9682325204,
      5518949.134925058
    ],
    [
      689303.6200382939,
      5519830.202040463
    ],
    [
      687392.6096584349,
      5518229.593036405
    ],
    [
      690087.5395922614,
      5518546.877483168
    ],
    [
      688795.8334369863,
      5517221.090215004
    ],
    [
      689005.2570904053,
      5517943.105549107
    ],
    [
      688745.5464526461,
      5519586.065155505
    ],
    [
      687896.3903033072,
      5517813.366701705
    ],
    [
      687611.8054089164,
      5518718.525628732
    ],
    [
      690395.3580419401,
      5518284.174546161
    ],
    [
      690118.727522006,
      5517928.9422320025
    ],
    [
      687951.6281581505,
      5519657.200345326
    ],
    [
      689784.0172769742,
      5517625.507104365
    ]
  ]
}