{
  "config_path": "configs/denmark.json",
  "source_layout_id": "L_26_06_28_19_25_N17_52412665257025284",
  "source_layout_num_turbines": 17,
  "yaw_optimization_runtime_s": 161.8149333000183,
  "dominant_wind_for_optimization": {
    "wind_direction_deg": 291.5,
    "wind_speed_m_per_s": 10.5
  },
  "most_common_case": {
    "wind_direction_deg": 291.5,
    "wind_speed_m_per_s": 10.5,
    "frequency": 0.00042475035423843773,
    "yaw_angles_deg": [
      3.500000000000001,
      -3.5000000000000004,
      -3.5000000000000004,
      0.0,
      0.0,
      0.0,
      0.0,
      -3.5000000000000004,
      0.0,
      -3.5000000000000004,
      0.0,
      3.500000000000001,
      3.500000000000001,
      0.0,
      3.500000000000001,
      -3.5000000000000004,
      0.0
    ],
    "reference_optimized_speed_bin_m_per_s": 11.0
  },
  "most_optimized_case": {
    "wind_direction_deg": 269.5,
    "wind_speed_m_per_s": 10.5,
    "annualized_gain_mwh": 1.5148487517214293,
    "yaw_angles_deg": [
      7.000000000000001,
      7.000000000000001,
      4.666666666666668,
      7.000000000000001,
      3.111111111111112,
      7.000000000000001,
      0.0,
      7.000000000000001,
      0.0,
      0.0,
      0.0,
      7.000000000000001,
      7.000000000000001,
      7.000000000000001,
      7.000000000000001,
      7.000000000000001,
      7.000000000000001
    ],
    "reference_optimized_speed_bin_m_per_s": 11.0
  },
  "gains": {
    "pi_baseline": 1.5068958205678302,
    "pi_opt": 1.507391053879189,
    "irr_baseline_pct": 15.226058959960936,
    "irr_opt_pct": 15.237960815429686,
    "aep_baseline_gwh": 265.3766788175346,
    "aep_opt_gwh": 265.44341356108947,
    "efficiency_baseline_pct": 95.93469938370464,
    "efficiency_opt_pct": 95.95882425251341,
    "lcoe_baseline": 38.222314647647856,
    "lcoe_opt": 38.21572213356003,
    "capacity_factor_baseline": 0.5287858512397763,
    "capacity_factor_opt": 0.5289188259545672,
    "wake_loss_baseline_pct": 4.06530061629536,
    "wake_loss_opt_pct": 4.041175747486591,
    "installed_mw": 57.29,
    "yaw_runtime_s": 161.8149333000183,
    "global_yaw_scale": 0.35000000000000003,
    "yaw_non_zero_fraction_before": 0.21835360226975362,
    "yaw_non_zero_fraction_after": 0.21835360226975362,
    "yaw_at_limit_fraction_before": 0.0025341909182310246,
    "yaw_at_limit_fraction_after": 0.0,
    "mean_abs_yaw_before_deg": 2.0553038198031106,
    "mean_abs_yaw_after_deg": 0.7193563369310888,
    "optimization_wind_speed": 10.5
  },
  "yaw_diagnostics": {
    "raw_schedule": {
      "mean_abs_yaw_deg": 2.0553038198031106,
      "max_abs_yaw_deg": 20.0,
      "non_zero_fraction": 0.21835360226975362,
      "at_limit_fraction": 0.0025341909182310246
    },
    "final_schedule": {
      "mean_abs_yaw_deg": 0.7193563369310888,
      "max_abs_yaw_deg": 7.000000000000001,
      "non_zero_fraction": 0.21835360226975362,
      "at_limit_fraction": 0.0
    },
    "global_scale_applied": 0.35000000000000003,
    "active_speed_bins_optimized_m_per_s": [
      5.0,
      7.0,
      9.0,
      11.0,
      13.0
    ],
    "coarse_optimization_settings": {
      "d_wd_deg": 5.0,
      "d_ws_m_per_s": 2.0,
      "top_frequency_bins_optimized": 72,
      "top_frequency_coverage_fraction": 0.21749904305256162
    },
    "top_frequency_bins": [
      {
        "i_wd": 58,
        "i_ws": 5,
        "wd": 292.5,
        "ws": 11.0,
        "freq": 0.0037119487479098253
      },
      {
        "i_wd": 58,
        "i_ws": 4,
        "wd": 292.5,
        "ws": 9.0,
        "freq": 0.003659904238101954
      },
      {
        "i_wd": 58,
        "i_ws": 3,
        "wd": 292.5,
        "ws": 7.0,
        "freq": 0.0035692460597269516
      },
      {
        "i_wd": 57,
        "i_ws": 4,
        "wd": 287.5,
        "ws": 9.0,
        "freq": 0.003569246059726951
      },
      {
        "i_wd": 59,
        "i_ws": 3,
        "wd": 297.5,
        "ws": 7.0,
        "freq": 0.003485303301972319
      },
      {
        "i_wd": 58,
        "i_ws": 2,
        "wd": 292.5,
        "ws": 5.0,
        "freq": 0.003461799329801022
      },
      {
        "i_wd": 57,
        "i_ws": 5,
        "wd": 287.5,
        "ws": 11.0,
        "freq": 0.003453405054025559
      },
      {
        "i_wd": 57,
        "i_ws": 2,
        "wd": 287.5,
        "ws": 5.0,
        "freq": 0.0034131125303033354
      },
      {
        "i_wd": 59,
        "i_ws": 2,
        "wd": 297.5,
        "ws": 5.0,
        "freq": 0.003392966268442224
      },
      {
        "i_wd": 60,
        "i_ws": 2,
        "wd": 302.5,
        "ws": 5.0,
        "freq": 0.0033694622962709268
      },
      {
        "i_wd": 50,
        "i_ws": 5,
        "wd": 252.5,
        "ws": 11.0,
        "freq": 0.0033224543519283327
      },
      {
        "i_wd": 57,
        "i_ws": 3,
        "wd": 287.5,
        "ws": 7.0,
        "freq": 0.0033224543519283327
      },
      {
        "i_wd": 59,
        "i_ws": 4,
        "wd": 297.5,
        "ws": 9.0,
        "freq": 0.003293913814291758
      },
      {
        "i_wd": 56,
        "i_ws": 4,
        "wd": 282.5,
        "ws": 9.0,
        "freq": 0.003258657856034813
      },
      {
        "i_wd": 51,
        "i_ws": 5,
        "wd": 257.5,
        "ws": 11.0,
        "freq": 0.0032519424354144418
      },
      {
        "i_wd": 49,
        "i_ws": 5,
        "wd": 247.5,
        "ws": 11.0,
        "freq": 0.0031696785328149024
      },
      {
        "i_wd": 31,
        "i_ws": 2,
        "wd": 157.5,
        "ws": 5.0,
        "freq": 0.003141137995178328
      },
      {
        "i_wd": 60,
        "i_ws": 4,
        "wd": 302.5,
        "ws": 9.0,
        "freq": 0.003134422574557957
      },
      {
        "i_wd": 33,
        "i_ws": 2,
        "wd": 167.5,
        "ws": 5.0,
        "freq": 0.0031293860090926794
      },
      {
        "i_wd": 59,
        "i_ws": 5,
        "wd": 297.5,
        "ws": 11.0,
        "freq": 0.0031176340230070305
      },
      {
        "i_wd": 49,
        "i_ws": 4,
        "wd": 247.5,
        "ws": 9.0,
        "freq": 0.003099166616301012
      },
      {
        "i_wd": 54,
        "i_ws": 4,
        "wd": 272.5,
        "ws": 9.0,
        "freq": 0.0030907723405255486
      },
      {
        "i_wd": 61,
        "i_ws": 2,
        "wd": 307.5,
        "ws": 5.0,
        "freq": 0.003080699209594993
      },
      {
        "i_wd": 26,
        "i_ws": 2,
        "wd": 132.5,
        "ws": 5.0,
        "freq": 0.0030706260786644373
      },
      {
        "i_wd": 60,
        "i_ws": 3,
        "wd": 302.5,
        "ws": 7.0,
        "freq": 0.0030706260786644373
      },
      {
        "i_wd": 56,
        "i_ws": 5,
        "wd": 282.5,
        "ws": 11.0,
        "freq": 0.0030454432513380477
      },
      {
        "i_wd": 55,
        "i_ws": 4,
        "wd": 277.5,
        "ws": 9.0,
        "freq": 0.0030437643961829554
      },
      {
        "i_wd": 50,
        "i_ws": 4,
        "wd": 252.5,
        "ws": 9.0,
        "freq": 0.00304040668587277
      },
      {
        "i_wd": 32,
        "i_ws": 2,
        "wd": 162.5,
        "ws": 5.0,
        "freq": 0.003038727830717677
      },
      {
        "i_wd": 25,
        "i_ws": 3,
        "wd": 127.5,
        "ws": 7.0,
        "freq": 0.0030320124100973065
      },
      {
        "i_wd": 29,
        "i_ws": 2,
        "wd": 147.5,
        "ws": 5.0,
        "freq": 0.003030333554942214
      },
      {
        "i_wd": 55,
        "i_ws": 5,
        "wd": 277.5,
        "ws": 11.0,
        "freq": 0.0030152238585463794
      },
      {
        "i_wd": 25,
        "i_ws": 2,
        "wd": 127.5,
        "ws": 5.0,
        "freq": 0.0030135450033912867
      },
      {
        "i_wd": 58,
        "i_ws": 6,
        "wd": 292.5,
        "ws": 13.0,
        "freq": 0.0029967564518403613
      },
      {
        "i_wd": 30,
        "i_ws": 2,
        "wd": 152.5,
        "ws": 5.0,