turbine_index,yaw_deg
1,15.952381
2,-1.835714
3,-1.971429
4,2.857143
5,19.400000
6,-3.235714
7,0.000000
8,0.000000
9,19.400000
10,9.200000
11,19.400000
12,12.135714
13,19.400000
14,0.000000
15,0.000000
16,0.000000
17,19.400000
